-- Alnahala AMS database backup
-- Generated at 2026-03-12 12:26:06
SET FOREIGN_KEY_CHECKS=0;

-- Table: asset_assignments
DROP TABLE IF EXISTS `asset_assignments`;
CREATE TABLE `asset_assignments` (
  `id` bigint(20) NOT NULL AUTO_INCREMENT,
  `asset_id` bigint(20) NOT NULL,
  `employee_id` bigint(20) NOT NULL,
  `notes` text DEFAULT NULL,
  `assigned_at` timestamp NOT NULL DEFAULT current_timestamp(),
  `returned_at` timestamp NULL DEFAULT NULL,
  PRIMARY KEY (`id`),
  KEY `fk_asset_assignments_asset` (`asset_id`),
  KEY `fk_asset_assignments_employee` (`employee_id`),
  CONSTRAINT `fk_asset_assignments_asset` FOREIGN KEY (`asset_id`) REFERENCES `assets` (`id`) ON DELETE CASCADE,
  CONSTRAINT `fk_asset_assignments_employee` FOREIGN KEY (`employee_id`) REFERENCES `employees` (`id`) ON DELETE CASCADE
) ENGINE=InnoDB AUTO_INCREMENT=3 DEFAULT CHARSET=utf8mb4 COLLATE=utf8mb4_general_ci;
INSERT INTO `asset_assignments` (`id`, `asset_id`, `employee_id`, `notes`, `assigned_at`, `returned_at`) VALUES ('1', '1', '1', '', '2026-03-12 02:37:27', '2026-03-12 05:16:52');
INSERT INTO `asset_assignments` (`id`, `asset_id`, `employee_id`, `notes`, `assigned_at`, `returned_at`) VALUES ('2', '48', '40', '', '2026-03-12 04:33:36', NULL);

-- Table: asset_categories
DROP TABLE IF EXISTS `asset_categories`;
CREATE TABLE `asset_categories` (
  `id` bigint(20) NOT NULL AUTO_INCREMENT,
  `name` varchar(50) NOT NULL,
  `description` text DEFAULT NULL,
  `created_at` timestamp NOT NULL DEFAULT current_timestamp() ON UPDATE current_timestamp(),
  `updated_at` timestamp NOT NULL DEFAULT '0000-00-00 00:00:00',
  PRIMARY KEY (`id`),
  UNIQUE KEY `name` (`name`)
) ENGINE=InnoDB AUTO_INCREMENT=22 DEFAULT CHARSET=utf8mb4 COLLATE=utf8mb4_general_ci;
INSERT INTO `asset_categories` (`id`, `name`, `description`, `created_at`, `updated_at`) VALUES ('1', 'Laptop', 'laptop', '2026-03-12 02:36:08', '2026-03-12 02:36:08');
INSERT INTO `asset_categories` (`id`, `name`, `description`, `created_at`, `updated_at`) VALUES ('2', 'scanner', 'scanner', '2026-03-12 02:58:42', '2026-03-12 02:58:42');
INSERT INTO `asset_categories` (`id`, `name`, `description`, `created_at`, `updated_at`) VALUES ('3', '?', 'Imported from ASSET (1).xlsx', '2026-03-12 04:03:35', '2026-03-12 04:03:35');
INSERT INTO `asset_categories` (`id`, `name`, `description`, `created_at`, `updated_at`) VALUES ('4', 'All in one', 'Imported from ASSET (1).xlsx', '2026-03-12 04:03:35', '2026-03-12 04:03:35');
INSERT INTO `asset_categories` (`id`, `name`, `description`, `created_at`, `updated_at`) VALUES ('5', 'Camera', 'Imported from ASSET (1).xlsx', '2026-03-12 04:03:35', '2026-03-12 04:03:35');
INSERT INTO `asset_categories` (`id`, `name`, `description`, `created_at`, `updated_at`) VALUES ('6', 'Computer', 'Imported from ASSET (1).xlsx', '2026-03-12 04:03:35', '2026-03-12 04:03:35');
INSERT INTO `asset_categories` (`id`, `name`, `description`, `created_at`, `updated_at`) VALUES ('7', 'HHD', 'Imported from ASSET (1).xlsx', '2026-03-12 04:03:35', '2026-03-12 04:03:35');
INSERT INTO `asset_categories` (`id`, `name`, `description`, `created_at`, `updated_at`) VALUES ('8', 'Microtik CRS326-24G', 'Imported from ASSET (1).xlsx', '2026-03-12 04:03:35', '2026-03-12 04:03:35');
INSERT INTO `asset_categories` (`id`, `name`, `description`, `created_at`, `updated_at`) VALUES ('9', 'Mouse and keyboard', 'Imported from ASSET (1).xlsx', '2026-03-12 04:03:35', '2026-03-12 04:03:35');
INSERT INTO `asset_categories` (`id`, `name`, `description`, `created_at`, `updated_at`) VALUES ('10', 'NVR', 'Imported from ASSET (1).xlsx', '2026-03-12 04:03:35', '2026-03-12 04:03:35');
INSERT INTO `asset_categories` (`id`, `name`, `description`, `created_at`, `updated_at`) VALUES ('11', 'Network Device', 'Imported from ASSET (1).xlsx', '2026-03-12 04:03:35', '2026-03-12 04:03:35');
INSERT INTO `asset_categories` (`id`, `name`, `description`, `created_at`, `updated_at`) VALUES ('12', 'Network security', 'Imported from ASSET (1).xlsx', '2026-03-12 04:03:35', '2026-03-12 04:03:35');
INSERT INTO `asset_categories` (`id`, `name`, `description`, `created_at`, `updated_at`) VALUES ('13', 'Out Of Support', 'Imported from ASSET (1).xlsx', '2026-03-12 04:03:35', '2026-03-12 04:03:35');
INSERT INTO `asset_categories` (`id`, `name`, `description`, `created_at`, `updated_at`) VALUES ('14', 'POE switch', 'Imported from ASSET (1).xlsx', '2026-03-12 04:03:35', '2026-03-12 04:03:35');
INSERT INTO `asset_categories` (`id`, `name`, `description`, `created_at`, `updated_at`) VALUES ('15', 'Printer', 'Imported from ASSET (1).xlsx', '2026-03-12 04:03:35', '2026-03-12 04:03:35');
INSERT INTO `asset_categories` (`id`, `name`, `description`, `created_at`, `updated_at`) VALUES ('16', 'Printer color', 'Imported from ASSET (1).xlsx', '2026-03-12 04:03:35', '2026-03-12 04:03:35');
INSERT INTO `asset_categories` (`id`, `name`, `description`, `created_at`, `updated_at`) VALUES ('17', 'Switch', 'Imported from ASSET (1).xlsx', '2026-03-12 04:03:35', '2026-03-12 04:03:35');
INSERT INTO `asset_categories` (`id`, `name`, `description`, `created_at`, `updated_at`) VALUES ('18', 'fingerprint', 'Imported from ASSET (1).xlsx', '2026-03-12 04:03:35', '2026-03-12 04:03:35');
INSERT INTO `asset_categories` (`id`, `name`, `description`, `created_at`, `updated_at`) VALUES ('19', 'ink', 'Imported from ASSET (1).xlsx', '2026-03-12 04:03:35', '2026-03-12 04:03:35');
INSERT INTO `asset_categories` (`id`, `name`, `description`, `created_at`, `updated_at`) VALUES ('20', 'router', 'Imported from ASSET (1).xlsx', '2026-03-12 04:03:35', '2026-03-12 04:03:35');
INSERT INTO `asset_categories` (`id`, `name`, `description`, `created_at`, `updated_at`) VALUES ('21', 'stands', 'Imported from ASSET (1).xlsx', '2026-03-12 04:03:35', '2026-03-12 04:03:35');

-- Table: asset_documents
DROP TABLE IF EXISTS `asset_documents`;
CREATE TABLE `asset_documents` (
  `id` bigint(20) NOT NULL AUTO_INCREMENT,
  `asset_id` bigint(20) NOT NULL,
  `document_name` varchar(255) NOT NULL,
  `file_path` varchar(255) NOT NULL,
  `uploaded_at` timestamp NOT NULL DEFAULT current_timestamp(),
  PRIMARY KEY (`id`),
  KEY `fk_asset_documents_asset` (`asset_id`),
  CONSTRAINT `fk_asset_documents_asset` FOREIGN KEY (`asset_id`) REFERENCES `assets` (`id`) ON DELETE CASCADE
) ENGINE=InnoDB AUTO_INCREMENT=2 DEFAULT CHARSET=utf8mb4 COLLATE=utf8mb4_general_ci;
INSERT INTO `asset_documents` (`id`, `asset_id`, `document_name`, `file_path`, `uploaded_at`) VALUES ('1', '5', 'إضافة حقل المخول بالاستلام اذا كانت المركبة حكومي أيضا عنوان المخول.docx', 'storage/uploads/assets/5/1773275324_0_____________________________________________________________________________________________________________________________.docx', '2026-03-12 03:28:44');

-- Table: asset_handovers
DROP TABLE IF EXISTS `asset_handovers`;
CREATE TABLE `asset_handovers` (
  `id` bigint(20) NOT NULL AUTO_INCREMENT,
  `asset_id` bigint(20) NOT NULL,
  `employee_id` bigint(20) NOT NULL,
  `handover_type` enum('issue','return') NOT NULL DEFAULT 'issue',
  `handover_date` date NOT NULL,
  `notes` text DEFAULT NULL,
  `created_by` bigint(20) DEFAULT NULL,
  `created_at` timestamp NULL DEFAULT NULL,
  `updated_at` timestamp NULL DEFAULT NULL,
  PRIMARY KEY (`id`),
  KEY `asset_id` (`asset_id`),
  KEY `employee_id` (`employee_id`),
  KEY `created_by` (`created_by`),
  CONSTRAINT `asset_handovers_ibfk_1` FOREIGN KEY (`asset_id`) REFERENCES `assets` (`id`),
  CONSTRAINT `asset_handovers_ibfk_2` FOREIGN KEY (`employee_id`) REFERENCES `employees` (`id`),
  CONSTRAINT `asset_handovers_ibfk_3` FOREIGN KEY (`created_by`) REFERENCES `users` (`id`)
) ENGINE=InnoDB AUTO_INCREMENT=2 DEFAULT CHARSET=utf8mb4 COLLATE=utf8mb4_general_ci;
INSERT INTO `asset_handovers` (`id`, `asset_id`, `employee_id`, `handover_type`, `handover_date`, `notes`, `created_by`, `created_at`, `updated_at`) VALUES ('1', '192', '45', 'return', '2026-03-12', '', '1', '2026-03-12 05:06:09', '2026-03-12 05:06:09');

-- Table: asset_maintenance
DROP TABLE IF EXISTS `asset_maintenance`;
CREATE TABLE `asset_maintenance` (
  `id` bigint(20) NOT NULL AUTO_INCREMENT,
  `asset_id` bigint(20) NOT NULL,
  `maintenance_type` varchar(100) NOT NULL,
  `scheduled_date` date NOT NULL,
  `completed_date` date DEFAULT NULL,
  `status` enum('scheduled','in_progress','completed') NOT NULL DEFAULT 'scheduled',
  `technician_name` varchar(150) DEFAULT NULL,
  `vendor_name` varchar(150) DEFAULT NULL,
  `cost` decimal(12,2) DEFAULT NULL,
  `notes` text DEFAULT NULL,
  `result_summary` text DEFAULT NULL,
  `next_service_date` date DEFAULT NULL,
  `created_by` bigint(20) DEFAULT NULL,
  `created_at` timestamp NULL DEFAULT NULL,
  `updated_at` timestamp NULL DEFAULT NULL,
  PRIMARY KEY (`id`),
  KEY `asset_id` (`asset_id`),
  KEY `created_by` (`created_by`),
  CONSTRAINT `asset_maintenance_ibfk_1` FOREIGN KEY (`asset_id`) REFERENCES `assets` (`id`),
  CONSTRAINT `asset_maintenance_ibfk_2` FOREIGN KEY (`created_by`) REFERENCES `users` (`id`)
) ENGINE=InnoDB DEFAULT CHARSET=utf8mb4 COLLATE=utf8mb4_general_ci;

-- Table: asset_movement_documents
DROP TABLE IF EXISTS `asset_movement_documents`;
CREATE TABLE `asset_movement_documents` (
  `id` bigint(20) NOT NULL AUTO_INCREMENT,
  `movement_id` bigint(20) NOT NULL,
  `document_name` varchar(255) NOT NULL,
  `file_path` varchar(255) NOT NULL,
  `uploaded_at` timestamp NOT NULL DEFAULT current_timestamp(),
  PRIMARY KEY (`id`),
  KEY `movement_id` (`movement_id`),
  CONSTRAINT `asset_movement_documents_ibfk_1` FOREIGN KEY (`movement_id`) REFERENCES `asset_movements` (`id`)
) ENGINE=InnoDB AUTO_INCREMENT=8 DEFAULT CHARSET=utf8mb4 COLLATE=utf8mb4_general_ci;
INSERT INTO `asset_movement_documents` (`id`, `movement_id`, `document_name`, `file_path`, `uploaded_at`) VALUES ('1', '1', 'إضافة حقل المخول بالاستلام اذا كانت المركبة حكومي أيضا عنوان المخول.docx', 'storage/uploads/movements/1/1773272247_0_____________________________________________________________________________________________________________________________.docx', '2026-03-12 02:37:27');
INSERT INTO `asset_movement_documents` (`id`, `movement_id`, `document_name`, `file_path`, `uploaded_at`) VALUES ('2', '2', 'إضافة حقل المخول بالاستلام اذا كانت المركبة حكومي أيضا عنوان المخول.docx', 'storage/uploads/movements/2/1773274825_0_____________________________________________________________________________________________________________________________.docx', '2026-03-12 03:20:25');
INSERT INTO `asset_movement_documents` (`id`, `movement_id`, `document_name`, `file_path`, `uploaded_at`) VALUES ('3', '3', 'إضافة حقل المخول بالاستلام اذا كانت المركبة حكومي أيضا عنوان المخول.docx', 'storage/uploads/movements/3/1773276033_0_____________________________________________________________________________________________________________________________.docx', '2026-03-12 03:40:33');
INSERT INTO `asset_movement_documents` (`id`, `movement_id`, `document_name`, `file_path`, `uploaded_at`) VALUES ('4', '4', 'إضافة حقل المخول بالاستلام اذا كانت المركبة حكومي أيضا عنوان المخول.docx', 'storage/uploads/movements/4/1773276066_0_____________________________________________________________________________________________________________________________.docx', '2026-03-12 03:41:06');
INSERT INTO `asset_movement_documents` (`id`, `movement_id`, `document_name`, `file_path`, `uploaded_at`) VALUES ('5', '5', 'إضافة حقل المخول بالاستلام اذا كانت المركبة حكومي أيضا عنوان المخول.docx', 'storage/uploads/movements/5/1773276094_0_____________________________________________________________________________________________________________________________.docx', '2026-03-12 03:41:34');
INSERT INTO `asset_movement_documents` (`id`, `movement_id`, `document_name`, `file_path`, `uploaded_at`) VALUES ('6', '6', 'إضافة حقل المخول بالاستلام اذا كانت المركبة حكومي أيضا عنوان المخول.docx', 'storage/uploads/movements/6/1773278188_0_____________________________________________________________________________________________________________________________.docx', '2026-03-12 04:16:28');
INSERT INTO `asset_movement_documents` (`id`, `movement_id`, `document_name`, `file_path`, `uploaded_at`) VALUES ('7', '7', 'إضافة حقل المخول بالاستلام اذا كانت المركبة حكومي أيضا عنوان المخول.docx', 'storage/uploads/movements/7/1773278354_0_____________________________________________________________________________________________________________________________.docx', '2026-03-12 04:19:14');

-- Table: asset_movements
DROP TABLE IF EXISTS `asset_movements`;
CREATE TABLE `asset_movements` (
  `id` bigint(20) NOT NULL AUTO_INCREMENT,
  `asset_id` bigint(20) NOT NULL,
  `from_branch_id` bigint(20) DEFAULT NULL,
  `to_branch_id` bigint(20) DEFAULT NULL,
  `user_id` bigint(20) DEFAULT NULL,
  `notes` text DEFAULT NULL,
  `moved_at` timestamp NOT NULL DEFAULT current_timestamp(),
  PRIMARY KEY (`id`),
  KEY `asset_id` (`asset_id`),
  KEY `from_branch_id` (`from_branch_id`),
  KEY `to_branch_id` (`to_branch_id`),
  KEY `user_id` (`user_id`),
  CONSTRAINT `asset_movements_ibfk_1` FOREIGN KEY (`asset_id`) REFERENCES `assets` (`id`),
  CONSTRAINT `asset_movements_ibfk_2` FOREIGN KEY (`from_branch_id`) REFERENCES `branches` (`id`),
  CONSTRAINT `asset_movements_ibfk_3` FOREIGN KEY (`to_branch_id`) REFERENCES `branches` (`id`),
  CONSTRAINT `asset_movements_ibfk_4` FOREIGN KEY (`user_id`) REFERENCES `users` (`id`)
) ENGINE=InnoDB AUTO_INCREMENT=11 DEFAULT CHARSET=utf8mb4 COLLATE=utf8mb4_general_ci;
INSERT INTO `asset_movements` (`id`, `asset_id`, `from_branch_id`, `to_branch_id`, `user_id`, `notes`, `moved_at`) VALUES ('1', '1', '1', '1', NULL, '', '2026-03-12 02:37:27');
INSERT INTO `asset_movements` (`id`, `asset_id`, `from_branch_id`, `to_branch_id`, `user_id`, `notes`, `moved_at`) VALUES ('2', '2', '1', NULL, NULL, '[ARCHIVE] broken and not working', '2026-03-12 03:20:25');
INSERT INTO `asset_movements` (`id`, `asset_id`, `from_branch_id`, `to_branch_id`, `user_id`, `notes`, `moved_at`) VALUES ('3', '2', '1', NULL, NULL, '[REPAIR SENT] Vendor: it group | Ref: did | dfdf', '2026-03-12 03:40:33');
INSERT INTO `asset_movements` (`id`, `asset_id`, `from_branch_id`, `to_branch_id`, `user_id`, `notes`, `moved_at`) VALUES ('4', '2', NULL, '1', NULL, '[REPAIR COMPLETE] Outcome: unrepairable | Status: broken | don\'t work', '2026-03-12 03:41:06');
INSERT INTO `asset_movements` (`id`, `asset_id`, `from_branch_id`, `to_branch_id`, `user_id`, `notes`, `moved_at`) VALUES ('5', '2', '1', NULL, NULL, '[ARCHIVE] gsdgsdg', '2026-03-12 03:41:34');
INSERT INTO `asset_movements` (`id`, `asset_id`, `from_branch_id`, `to_branch_id`, `user_id`, `notes`, `moved_at`) VALUES ('6', '84', '1', NULL, NULL, '[ARCHIVE] Don\'t work', '2026-03-12 04:16:28');
INSERT INTO `asset_movements` (`id`, `asset_id`, `from_branch_id`, `to_branch_id`, `user_id`, `notes`, `moved_at`) VALUES ('7', '149', '1', '5', NULL, 'move to afar branch', '2026-03-12 04:19:14');
INSERT INTO `asset_movements` (`id`, `asset_id`, `from_branch_id`, `to_branch_id`, `user_id`, `notes`, `moved_at`) VALUES ('8', '48', '1', '4', NULL, '', '2026-03-12 04:33:36');
INSERT INTO `asset_movements` (`id`, `asset_id`, `from_branch_id`, `to_branch_id`, `user_id`, `notes`, `moved_at`) VALUES ('9', '156', '1', '6', NULL, 'sale fore them', '2026-03-12 04:58:51');
INSERT INTO `asset_movements` (`id`, `asset_id`, `from_branch_id`, `to_branch_id`, `user_id`, `notes`, `moved_at`) VALUES ('10', '1', '1', '10', NULL, '[RETURN] test', '2026-03-12 05:16:52');

-- Table: asset_repairs
DROP TABLE IF EXISTS `asset_repairs`;
CREATE TABLE `asset_repairs` (
  `id` bigint(20) NOT NULL AUTO_INCREMENT,
  `asset_id` bigint(20) NOT NULL,
  `vendor_name` varchar(150) NOT NULL,
  `reference_number` varchar(100) DEFAULT NULL,
  `sent_at` timestamp NOT NULL DEFAULT current_timestamp(),
  `completed_at` timestamp NULL DEFAULT NULL,
  `outcome` enum('in_progress','repaired','unrepairable') NOT NULL DEFAULT 'in_progress',
  `return_status` enum('active','broken','storage') DEFAULT NULL,
  `notes` text DEFAULT NULL,
  `completion_notes` text DEFAULT NULL,
  `created_at` timestamp NULL DEFAULT NULL,
  `updated_at` timestamp NULL DEFAULT NULL,
  PRIMARY KEY (`id`),
  KEY `asset_id` (`asset_id`),
  CONSTRAINT `asset_repairs_ibfk_1` FOREIGN KEY (`asset_id`) REFERENCES `assets` (`id`)
) ENGINE=InnoDB AUTO_INCREMENT=2 DEFAULT CHARSET=utf8mb4 COLLATE=utf8mb4_general_ci;
INSERT INTO `asset_repairs` (`id`, `asset_id`, `vendor_name`, `reference_number`, `sent_at`, `completed_at`, `outcome`, `return_status`, `notes`, `completion_notes`, `created_at`, `updated_at`) VALUES ('1', '2', 'it group', 'did', '2026-03-12 03:40:33', '2026-03-12 03:41:06', 'unrepairable', 'broken', 'dfdf', 'don\'t work', '2026-03-12 03:40:33', '2026-03-12 03:41:06');

-- Table: assets
DROP TABLE IF EXISTS `assets`;
CREATE TABLE `assets` (
  `id` bigint(20) NOT NULL AUTO_INCREMENT,
  `name` varchar(150) NOT NULL,
  `tag` varchar(50) DEFAULT NULL,
  `barcode` varchar(255) DEFAULT NULL,
  `category_id` bigint(20) NOT NULL,
  `brand` varchar(100) DEFAULT NULL,
  `model` varchar(100) DEFAULT NULL,
  `serial_number` varchar(100) DEFAULT NULL,
  `purchase_date` date DEFAULT NULL,
  `warranty_expiry` date DEFAULT NULL,
  `procurement_stage` enum('ordered','received','deployed') NOT NULL DEFAULT 'received',
  `vendor_name` varchar(150) DEFAULT NULL,
  `invoice_number` varchar(100) DEFAULT NULL,
  `status` enum('active','repair','broken','storage','archived') DEFAULT 'active',
  `archived_at` timestamp NULL DEFAULT NULL,
  `archive_reason` text DEFAULT NULL,
  `branch_id` bigint(20) DEFAULT NULL,
  `assigned_employee_id` bigint(20) DEFAULT NULL,
  `assigned_user_id` bigint(20) DEFAULT NULL,
  `notes` text DEFAULT NULL,
  `image_path` varchar(255) DEFAULT NULL,
  `created_at` timestamp NOT NULL DEFAULT current_timestamp() ON UPDATE current_timestamp(),
  `updated_at` timestamp NOT NULL DEFAULT '0000-00-00 00:00:00',
  PRIMARY KEY (`id`),
  UNIQUE KEY `tag` (`tag`),
  KEY `category_id` (`category_id`),
  KEY `branch_id` (`branch_id`),
  KEY `assigned_user_id` (`assigned_user_id`),
  KEY `fk_assets_assigned_employee` (`assigned_employee_id`),
  CONSTRAINT `assets_ibfk_1` FOREIGN KEY (`category_id`) REFERENCES `asset_categories` (`id`),
  CONSTRAINT `assets_ibfk_2` FOREIGN KEY (`branch_id`) REFERENCES `branches` (`id`),
  CONSTRAINT `assets_ibfk_3` FOREIGN KEY (`assigned_user_id`) REFERENCES `users` (`id`),
  CONSTRAINT `fk_assets_assigned_employee` FOREIGN KEY (`assigned_employee_id`) REFERENCES `employees` (`id`) ON DELETE SET NULL
) ENGINE=InnoDB AUTO_INCREMENT=229 DEFAULT CHARSET=utf8mb4 COLLATE=utf8mb4_general_ci;
INSERT INTO `assets` (`id`, `name`, `tag`, `barcode`, `category_id`, `brand`, `model`, `serial_number`, `purchase_date`, `warranty_expiry`, `procurement_stage`, `vendor_name`, `invoice_number`, `status`, `archived_at`, `archive_reason`, `branch_id`, `assigned_employee_id`, `assigned_user_id`, `notes`, `image_path`, `created_at`, `updated_at`) VALUES ('1', 'HQ-IT-MJ', '212', NULL, '1', 'ACER', '5646464', '4613216456', NULL, NULL, 'deployed', '', '', 'storage', NULL, NULL, '10', NULL, NULL, '', NULL, '2026-03-12 05:16:52', '2026-03-12 05:16:52');
INSERT INTO `assets` (`id`, `name`, `tag`, `barcode`, `category_id`, `brand`, `model`, `serial_number`, `purchase_date`, `warranty_expiry`, `procurement_stage`, `vendor_name`, `invoice_number`, `status`, `archived_at`, `archive_reason`, `branch_id`, `assigned_employee_id`, `assigned_user_id`, `notes`, `image_path`, `created_at`, `updated_at`) VALUES ('2', 'Xerox  docscanner', '21', NULL, '2', 'Xerox', '512', '46364', '2022-03-15', '2023-03-17', 'received', '', '', 'broken', '2026-03-12 03:41:34', 'gsdgsdg', '10', NULL, NULL, '', NULL, '2026-03-12 04:44:44', '2026-03-12 04:44:44');
INSERT INTO `assets` (`id`, `name`, `tag`, `barcode`, `category_id`, `brand`, `model`, `serial_number`, `purchase_date`, `warranty_expiry`, `procurement_stage`, `vendor_name`, `invoice_number`, `status`, `archived_at`, `archive_reason`, `branch_id`, `assigned_employee_id`, `assigned_user_id`, `notes`, `image_path`, `created_at`, `updated_at`) VALUES ('5', 'MacBook', 'AST-000005', NULL, '1', 'apple', '2019', '85685659896', '2026-03-12', '2027-04-20', 'received', 'tttt', '66526565265', 'active', NULL, NULL, '1', NULL, NULL, 'ttt', NULL, '2026-03-12 03:28:44', '2026-03-12 03:28:44');
INSERT INTO `assets` (`id`, `name`, `tag`, `barcode`, `category_id`, `brand`, `model`, `serial_number`, `purchase_date`, `warranty_expiry`, `procurement_stage`, `vendor_name`, `invoice_number`, `status`, `archived_at`, `archive_reason`, `branch_id`, `assigned_employee_id`, `assigned_user_id`, `notes`, `image_path`, `created_at`, `updated_at`) VALUES ('6', 'Asus ROC', 'AST-000006', NULL, '6', '', '', '', NULL, NULL, 'deployed', '', '', 'active', NULL, NULL, '1', '2', NULL, 'Source: COMPUTER sheet | Office: HQ-IT | 365 License: True/IT | Kaspersky: 1 | UPS: N/A | Imported from ASSET (1).xlsx', NULL, '2026-03-12 04:03:50', '2026-03-12 04:03:50');
INSERT INTO `assets` (`id`, `name`, `tag`, `barcode`, `category_id`, `brand`, `model`, `serial_number`, `purchase_date`, `warranty_expiry`, `procurement_stage`, `vendor_name`, `invoice_number`, `status`, `archived_at`, `archive_reason`, `branch_id`, `assigned_employee_id`, `assigned_user_id`, `notes`, `image_path`, `created_at`, `updated_at`) VALUES ('7', 'PREDATOR- PHN16-72', 'AST-000007', NULL, '6', '', '', '', NULL, NULL, 'deployed', '', '', 'active', NULL, NULL, '1', '1', NULL, 'Source: COMPUTER sheet | Office: IT | 365 License: True/IT | Kaspersky: 1 | UPS: N/A | Imported from ASSET (1).xlsx', NULL, '2026-03-12 04:03:50', '2026-03-12 04:03:50');
INSERT INTO `assets` (`id`, `name`, `tag`, `barcode`, `category_id`, `brand`, `model`, `serial_number`, `purchase_date`, `warranty_expiry`, `procurement_stage`, `vendor_name`, `invoice_number`, `status`, `archived_at`, `archive_reason`, `branch_id`, `assigned_employee_id`, `assigned_user_id`, `notes`, `image_path`, `created_at`, `updated_at`) VALUES ('8', 'HQ-LB-ACC1', 'AST-000008', NULL, '6', '', '', '', NULL, NULL, 'deployed', '', '', 'active', NULL, NULL, '1', NULL, NULL, 'Source: COMPUTER sheet | Office: HQ-Accountants | 365 License: 1 | Kaspersky: N/A | UPS: 1 | Imported from ASSET (1).xlsx', NULL, '2026-03-12 14:21:10', '2026-03-12 04:03:50');
INSERT INTO `assets` (`id`, `name`, `tag`, `barcode`, `category_id`, `brand`, `model`, `serial_number`, `purchase_date`, `warranty_expiry`, `procurement_stage`, `vendor_name`, `invoice_number`, `status`, `archived_at`, `archive_reason`, `branch_id`, `assigned_employee_id`, `assigned_user_id`, `notes`, `image_path`, `created_at`, `updated_at`) VALUES ('9', 'HQ-ALL-IN-ONE-M', 'AST-000009', NULL, '6', '', '', '', NULL, NULL, 'deployed', '', '', 'active', NULL, NULL, '1', NULL, NULL, 'Source: COMPUTER sheet | Office: HQ-Accountants | 365 License: 1 | Kaspersky: N/A | UPS: 1 | Imported from ASSET (1).xlsx', NULL, '2026-03-12 14:21:15', '2026-03-12 04:03:50');
INSERT INTO `assets` (`id`, `name`, `tag`, `barcode`, `category_id`, `brand`, `model`, `serial_number`, `purchase_date`, `warranty_expiry`, `procurement_stage`, `vendor_name`, `invoice_number`, `status`, `archived_at`, `archive_reason`, `branch_id`, `assigned_employee_id`, `assigned_user_id`, `notes`, `image_path`, `created_at`, `updated_at`) VALUES ('10', 'LB-CEO-MH', 'AST-000010', NULL, '6', '', '', '', NULL, NULL, 'deployed', '', '', 'active', NULL, NULL, '1', '6', NULL, 'Source: COMPUTER sheet | Office: HQ-Accountants | 365 License: 1 | Kaspersky: 1 | UPS: 1 | Other: keyboard and mouse | Imported from ASSET (1).xlsx', NULL, '2026-03-12 04:03:50', '2026-03-12 04:03:50');
INSERT INTO `assets` (`id`, `name`, `tag`, `barcode`, `category_id`, `brand`, `model`, `serial_number`, `purchase_date`, `warranty_expiry`, `procurement_stage`, `vendor_name`, `invoice_number`, `status`, `archived_at`, `archive_reason`, `branch_id`, `assigned_employee_id`, `assigned_user_id`, `notes`, `image_path`, `created_at`, `updated_at`) VALUES ('11', 'Lenovo', 'AST-000011', NULL, '6', '', '', '', NULL, NULL, 'deployed', '', '', 'active', NULL, NULL, '1', '7', NULL, 'Source: COMPUTER sheet | Office: HQ-Accountants | 365 License: 1 | Kaspersky: 1 | UPS: 1 | Other: N/A | Imported from ASSET (1).xlsx', NULL, '2026-03-12 04:03:50', '2026-03-12 04:03:50');
INSERT INTO `assets` (`id`, `name`, `tag`, `barcode`, `category_id`, `brand`, `model`, `serial_number`, `purchase_date`, `warranty_expiry`, `procurement_stage`, `vendor_name`, `invoice_number`, `status`, `archived_at`, `archive_reason`, `branch_id`, `assigned_employee_id`, `assigned_user_id`, `notes`, `image_path`, `created_at`, `updated_at`) VALUES ('12', 'HQ-FINN-AK', 'AST-000012', NULL, '6', '', '', '', NULL, NULL, 'deployed', '', '', 'active', NULL, NULL, '1', '8', NULL, 'Source: COMPUTER sheet | Office: HQ-Accountants | 365 License: 1 | Kaspersky: 1 | UPS: 0 | Imported from ASSET (1).xlsx', NULL, '2026-03-12 04:03:50', '2026-03-12 04:03:50');
INSERT INTO `assets` (`id`, `name`, `tag`, `barcode`, `category_id`, `brand`, `model`, `serial_number`, `purchase_date`, `warranty_expiry`, `procurement_stage`, `vendor_name`, `invoice_number`, `status`, `archived_at`, `archive_reason`, `branch_id`, `assigned_employee_id`, `assigned_user_id`, `notes`, `image_path`, `created_at`, `updated_at`) VALUES ('13', 'HQ-FIN-MN', 'AST-000013', NULL, '6', '', '', '', NULL, NULL, 'deployed', '', '', 'active', NULL, NULL, '1', '9', NULL, 'Source: COMPUTER sheet | Office: HQ-Accountants | 365 License: 1 | Kaspersky: 1 | UPS: 0 | Other: keyboard and mouse | Imported from ASSET (1).xlsx', NULL, '2026-03-12 04:03:50', '2026-03-12 04:03:50');
INSERT INTO `assets` (`id`, `name`, `tag`, `barcode`, `category_id`, `brand`, `model`, `serial_number`, `purchase_date`, `warranty_expiry`, `procurement_stage`, `vendor_name`, `invoice_number`, `status`, `archived_at`, `archive_reason`, `branch_id`, `assigned_employee_id`, `assigned_user_id`, `notes`, `image_path`, `created_at`, `updated_at`) VALUES ('14', 'Macbook', 'AST-000014', NULL, '6', '', '', '', NULL, NULL, 'deployed', '', '', 'active', NULL, NULL, '1', '10', NULL, 'Source: COMPUTER sheet | Office: HQ-Accountants | 365 License: 1 | Kaspersky: no | UPS: no | Other: keyboard and mouse | Imported from ASSET (1).xlsx', NULL, '2026-03-12 04:03:50', '2026-03-12 04:03:50');
INSERT INTO `assets` (`id`, `name`, `tag`, `barcode`, `category_id`, `brand`, `model`, `serial_number`, `purchase_date`, `warranty_expiry`, `procurement_stage`, `vendor_name`, `invoice_number`, `status`, `archived_at`, `archive_reason`, `branch_id`, `assigned_employee_id`, `assigned_user_id`, `notes`, `image_path`, `created_at`, `updated_at`) VALUES ('15', 'LUKS-LP-HA', 'AST-000015', NULL, '6', '', '', '', NULL, NULL, 'deployed', '', '', 'active', NULL, NULL, '1', '11', NULL, 'Source: COMPUTER sheet | Office: HQ-Luks | 365 License: TRUE/luks | Kaspersky: 1 | UPS: 1 | Other: keyboard and mouse | Imported from ASSET (1).xlsx', NULL, '2026-03-12 04:03:50', '2026-03-12 04:03:50');
INSERT INTO `assets` (`id`, `name`, `tag`, `barcode`, `category_id`, `brand`, `model`, `serial_number`, `purchase_date`, `warranty_expiry`, `procurement_stage`, `vendor_name`, `invoice_number`, `status`, `archived_at`, `archive_reason`, `branch_id`, `assigned_employee_id`, `assigned_user_id`, `notes`, `image_path`, `created_at`, `updated_at`) VALUES ('16', 'HQ-LUKS-NM', 'AST-000016', NULL, '6', '', '', '', NULL, NULL, 'deployed', '', '', 'active', NULL, NULL, '1', '12', NULL, 'Source: COMPUTER sheet | Office: HQ-Luks | 365 License: TRUE/luks | Kaspersky: 1 | UPS: 1 | Other: keyboard and mouse | Imported from ASSET (1).xlsx', NULL, '2026-03-12 04:03:50', '2026-03-12 04:03:50');
INSERT INTO `assets` (`id`, `name`, `tag`, `barcode`, `category_id`, `brand`, `model`, `serial_number`, `purchase_date`, `warranty_expiry`, `procurement_stage`, `vendor_name`, `invoice_number`, `status`, `archived_at`, `archive_reason`, `branch_id`, `assigned_employee_id`, `assigned_user_id`, `notes`, `image_path`, `created_at`, `updated_at`) VALUES ('17', 'HQ-LUKS-AIO', 'AST-000017', NULL, '6', '', '', '', NULL, NULL, 'deployed', '', '', 'active', NULL, NULL, '1', '13', NULL, 'Source: COMPUTER sheet | Office: HQ-Luks | 365 License: no | Kaspersky: 1 | UPS: 1 | Other: keyboard and mouse | Imported from ASSET (1).xlsx', NULL, '2026-03-12 04:03:50', '2026-03-12 04:03:50');
INSERT INTO `assets` (`id`, `name`, `tag`, `barcode`, `category_id`, `brand`, `model`, `serial_number`, `purchase_date`, `warranty_expiry`, `procurement_stage`, `vendor_name`, `invoice_number`, `status`, `archived_at`, `archive_reason`, `branch_id`, `assigned_employee_id`, `assigned_user_id`, `notes`, `image_path`, `created_at`, `updated_at`) VALUES ('18', 'HQ-LUKS-AA', 'AST-000018', NULL, '6', '', '', '', NULL, NULL, 'deployed', '', '', 'active', NULL, NULL, '1', '14', NULL, 'Source: COMPUTER sheet | Office: HQ-Luks | 365 License: TRUE/nahala | Kaspersky: 1 | UPS: 1 | Other: keyboard and mouse | Imported from ASSET (1).xlsx', NULL, '2026-03-12 04:03:50', '2026-03-12 04:03:50');
INSERT INTO `assets` (`id`, `name`, `tag`, `barcode`, `category_id`, `brand`, `model`, `serial_number`, `purchase_date`, `warranty_expiry`, `procurement_stage`, `vendor_name`, `invoice_number`, `status`, `archived_at`, `archive_reason`, `branch_id`, `assigned_employee_id`, `assigned_user_id`, `notes`, `image_path`, `created_at`, `updated_at`) VALUES ('19', 'HQ-LUKS-RH', 'AST-000019', NULL, '6', '', '', '', NULL, NULL, 'deployed', '', '', 'active', NULL, NULL, '1', '15', NULL, 'Source: COMPUTER sheet | Office: HQ-Luks | 365 License: TRUE/nahala | Kaspersky: 1 | UPS: 1 | Imported from ASSET (1).xlsx', NULL, '2026-03-12 04:03:50', '2026-03-12 04:03:50');
INSERT INTO `assets` (`id`, `name`, `tag`, `barcode`, `category_id`, `brand`, `model`, `serial_number`, `purchase_date`, `warranty_expiry`, `procurement_stage`, `vendor_name`, `invoice_number`, `status`, `archived_at`, `archive_reason`, `branch_id`, `assigned_employee_id`, `assigned_user_id`, `notes`, `image_path`, `created_at`, `updated_at`) VALUES ('20', 'HQ-AIO-AB', 'AST-000020', NULL, '6', '', '', '', NULL, NULL, 'deployed', '', '', 'active', NULL, NULL, '1', '16', NULL, 'Source: COMPUTER sheet | Office: HQ-Law | 365 License: 1 | Kaspersky: 1 | UPS: 1 | Other: keyboard and mouse | Imported from ASSET (1).xlsx', NULL, '2026-03-12 04:03:50', '2026-03-12 04:03:50');
INSERT INTO `assets` (`id`, `name`, `tag`, `barcode`, `category_id`, `brand`, `model`, `serial_number`, `purchase_date`, `warranty_expiry`, `procurement_stage`, `vendor_name`, `invoice_number`, `status`, `archived_at`, `archive_reason`, `branch_id`, `assigned_employee_id`, `assigned_user_id`, `notes`, `image_path`, `created_at`, `updated_at`) VALUES ('21', 'HQ-ABD-HISHAM', 'AST-000021', NULL, '6', '', '', '', NULL, NULL, 'deployed', '', '', 'active', NULL, NULL, '1', '17', NULL, 'Source: COMPUTER sheet | Office: HQ-Law | 365 License: 1 | Kaspersky: 1 | UPS: 1 | Other: keyboard and mouse/printer t220 /Scanner c240 | Imported from ASSET (1).xlsx', NULL, '2026-03-12 04:03:50', '2026-03-12 04:03:50');
INSERT INTO `assets` (`id`, `name`, `tag`, `barcode`, `category_id`, `brand`, `model`, `serial_number`, `purchase_date`, `warranty_expiry`, `procurement_stage`, `vendor_name`, `invoice_number`, `status`, `archived_at`, `archive_reason`, `branch_id`, `assigned_employee_id`, `assigned_user_id`, `notes`, `image_path`, `created_at`, `updated_at`) VALUES ('22', 'HQ-LEGAL-YH', 'AST-000022', NULL, '6', '', '', '', NULL, NULL, 'deployed', '', '', 'active', NULL, NULL, '1', '18', NULL, 'Source: COMPUTER sheet | Office: HQ-Law | 365 License: 1 | Kaspersky: 1 | UPS: 1 | Other: keyboard and mouse | Imported from ASSET (1).xlsx', NULL, '2026-03-12 04:03:50', '2026-03-12 04:03:50');
INSERT INTO `assets` (`id`, `name`, `tag`, `barcode`, `category_id`, `brand`, `model`, `serial_number`, `purchase_date`, `warranty_expiry`, `procurement_stage`, `vendor_name`, `invoice_number`, `status`, `archived_at`, `archive_reason`, `branch_id`, `assigned_employee_id`, `assigned_user_id`, `notes`, `image_path`, `created_at`, `updated_at`) VALUES ('23', 'HQ-PR-AS', 'AST-000023', NULL, '6', '', '', '', NULL, NULL, 'deployed', '', '', 'active', NULL, NULL, '1', '19', NULL, 'Source: COMPUTER sheet | Office: HQ-Project | 365 License: 1 | Kaspersky: 1 | UPS: 0 | Imported from ASSET (1).xlsx', NULL, '2026-03-12 04:03:50', '2026-03-12 04:03:50');
INSERT INTO `assets` (`id`, `name`, `tag`, `barcode`, `category_id`, `brand`, `model`, `serial_number`, `purchase_date`, `warranty_expiry`, `procurement_stage`, `vendor_name`, `invoice_number`, `status`, `archived_at`, `archive_reason`, `branch_id`, `assigned_employee_id`, `assigned_user_id`, `notes`, `image_path`, `created_at`, `updated_at`) VALUES ('24', 'Microsoft service', 'AST-000024', NULL, '6', '', '', '', NULL, NULL, 'deployed', '', '', 'active', NULL, NULL, '1', '20', NULL, 'Source: COMPUTER sheet | Office: HQ-Project | 365 License: 1 | Kaspersky: 1 | Imported from ASSET (1).xlsx', NULL, '2026-03-12 04:03:50', '2026-03-12 04:03:50');
INSERT INTO `assets` (`id`, `name`, `tag`, `barcode`, `category_id`, `brand`, `model`, `serial_number`, `purchase_date`, `warranty_expiry`, `procurement_stage`, `vendor_name`, `invoice_number`, `status`, `archived_at`, `archive_reason`, `branch_id`, `assigned_employee_id`, `assigned_user_id`, `notes`, `image_path`, `created_at`, `updated_at`) VALUES ('25', 'Laptop ThinkBook', 'AST-000025', NULL, '6', '', '', '', NULL, NULL, 'deployed', '', '', 'active', NULL, NULL, '1', '21', NULL, 'Source: COMPUTER sheet | Office: HQ | 365 License: 1 | UPS: N/A | Imported from ASSET (1).xlsx', NULL, '2026-03-12 04:03:50', '2026-03-12 04:03:50');
INSERT INTO `assets` (`id`, `name`, `tag`, `barcode`, `category_id`, `brand`, `model`, `serial_number`, `purchase_date`, `warranty_expiry`, `procurement_stage`, `vendor_name`, `invoice_number`, `status`, `archived_at`, `archive_reason`, `branch_id`, `assigned_employee_id`, `assigned_user_id`, `notes`, `image_path`, `created_at`, `updated_at`) VALUES ('26', 'All in one', 'AST-000026', NULL, '6', '', '', '', NULL, NULL, 'deployed', '', '', 'active', NULL, NULL, '1', '21', NULL, 'Source: COMPUTER sheet | Office: MEUC | 365 License: N/A | Kaspersky: N/A | UPS: N/A | Other: keyboard and mouse | Imported from ASSET (1).xlsx', NULL, '2026-03-12 04:03:50', '2026-03-12 04:03:50');
INSERT INTO `assets` (`id`, `name`, `tag`, `barcode`, `category_id`, `brand`, `model`, `serial_number`, `purchase_date`, `warranty_expiry`, `procurement_stage`, `vendor_name`, `invoice_number`, `status`, `archived_at`, `archive_reason`, `branch_id`, `assigned_employee_id`, `assigned_user_id`, `notes`, `image_path`, `created_at`, `updated_at`) VALUES ('27', 'All in one', 'AST-000027', NULL, '6', '', '', '', NULL, NULL, 'deployed', '', '', 'active', NULL, NULL, '1', '21', NULL, 'Source: COMPUTER sheet | Office: MEUC | 365 License: N/A | Kaspersky: N/A | UPS: N/A | Other: keyboard and mouse | Imported from ASSET (1).xlsx', NULL, '2026-03-12 04:03:50', '2026-03-12 04:03:50');
INSERT INTO `assets` (`id`, `name`, `tag`, `barcode`, `category_id`, `brand`, `model`, `serial_number`, `purchase_date`, `warranty_expiry`, `procurement_stage`, `vendor_name`, `invoice_number`, `status`, `archived_at`, `archive_reason`, `branch_id`, `assigned_employee_id`, `assigned_user_id`, `notes`, `image_path`, `created_at`, `updated_at`) VALUES ('28', 'All in one', 'AST-000028', NULL, '6', '', '', '', NULL, NULL, 'deployed', '', '', 'active', NULL, NULL, '1', '21', NULL, 'Source: COMPUTER sheet | Office: MEUC | 365 License: N/A | Kaspersky: N/A | UPS: N/A | Other: keyboard and mouse | Imported from ASSET (1).xlsx', NULL, '2026-03-12 04:03:50', '2026-03-12 04:03:50');
INSERT INTO `assets` (`id`, `name`, `tag`, `barcode`, `category_id`, `brand`, `model`, `serial_number`, `purchase_date`, `warranty_expiry`, `procurement_stage`, `vendor_name`, `invoice_number`, `status`, `archived_at`, `archive_reason`, `branch_id`, `assigned_employee_id`, `assigned_user_id`, `notes`, `image_path`, `created_at`, `updated_at`) VALUES ('29', 'All in one', 'AST-000029', NULL, '6', '', '', '', NULL, NULL, 'deployed', '', '', 'active', NULL, NULL, '1', '21', NULL, 'Source: COMPUTER sheet | Office: MEUC | 365 License: N/A | Kaspersky: N/A | UPS: N/A | Other: keyboard and mouse | Imported from ASSET (1).xlsx', NULL, '2026-03-12 04:03:50', '2026-03-12 04:03:50');
INSERT INTO `assets` (`id`, `name`, `tag`, `barcode`, `category_id`, `brand`, `model`, `serial_number`, `purchase_date`, `warranty_expiry`, `procurement_stage`, `vendor_name`, `invoice_number`, `status`, `archived_at`, `archive_reason`, `branch_id`, `assigned_employee_id`, `assigned_user_id`, `notes`, `image_path`, `created_at`, `updated_at`) VALUES ('30', 'acer Laptop Aspire 5', 'AST-000030', NULL, '6', '', '', '', NULL, NULL, 'deployed', '', '', 'active', NULL, NULL, '1', '22', NULL, 'Source: COMPUTER sheet | Office: Printer | 365 License: 1 | Kaspersky: 1 | UPS: N/A | Imported from ASSET (1).xlsx', NULL, '2026-03-12 04:03:50', '2026-03-12 04:03:50');
INSERT INTO `assets` (`id`, `name`, `tag`, `barcode`, `category_id`, `brand`, `model`, `serial_number`, `purchase_date`, `warranty_expiry`, `procurement_stage`, `vendor_name`, `invoice_number`, `status`, `archived_at`, `archive_reason`, `branch_id`, `assigned_employee_id`, `assigned_user_id`, `notes`, `image_path`, `created_at`, `updated_at`) VALUES ('31', 'Acer Laptop Niro', 'AST-000031', NULL, '6', '', '', '', NULL, NULL, 'deployed', '', '', 'active', NULL, NULL, '1', '23', NULL, 'Source: COMPUTER sheet | Office: Printer | 365 License: NO | Kaspersky: 1 | UPS: N/A | Imported from ASSET (1).xlsx', NULL, '2026-03-12 04:03:50', '2026-03-12 04:03:50');
INSERT INTO `assets` (`id`, `name`, `tag`, `barcode`, `category_id`, `brand`, `model`, `serial_number`, `purchase_date`, `warranty_expiry`, `procurement_stage`, `vendor_name`, `invoice_number`, `status`, `archived_at`, `archive_reason`, `branch_id`, `assigned_employee_id`, `assigned_user_id`, `notes`, `image_path`, `created_at`, `updated_at`) VALUES ('32', 'Desktop i5 =display', 'AST-000032', NULL, '6', '', '', '', NULL, NULL, 'deployed', '', '', 'active', NULL, NULL, '1', '24', NULL, 'Source: COMPUTER sheet | Office: Printer | 365 License: NO | Kaspersky: NO | UPS: Yes | Other: keyboard , mouse and display | Imported from ASSET (1).xlsx', NULL, '2026-03-12 04:03:50', '2026-03-12 04:03:50');
INSERT INTO `assets` (`id`, `name`, `tag`, `barcode`, `category_id`, `brand`, `model`, `serial_number`, `purchase_date`, `warranty_expiry`, `procurement_stage`, `vendor_name`, `invoice_number`, `status`, `archived_at`, `archive_reason`, `branch_id`, `assigned_employee_id`, `assigned_user_id`, `notes`, `image_path`, `created_at`, `updated_at`) VALUES ('33', 'UMQ-02', 'AST-000033', NULL, '6', '', '', '', NULL, NULL, 'deployed', '', '', 'active', NULL, NULL, '1', '25', NULL, 'Source: COMPUTER sheet | Office: Um Qasser | 365 License: TRUE | Kaspersky: TRUE | UPS: 1 | Other: keyboard and mouse | Imported from ASSET (1).xlsx', NULL, '2026-03-12 04:03:50', '2026-03-12 04:03:50');
INSERT INTO `assets` (`id`, `name`, `tag`, `barcode`, `category_id`, `brand`, `model`, `serial_number`, `purchase_date`, `warranty_expiry`, `procurement_stage`, `vendor_name`, `invoice_number`, `status`, `archived_at`, `archive_reason`, `branch_id`, `assigned_employee_id`, `assigned_user_id`, `notes`, `image_path`, `created_at`, `updated_at`) VALUES ('34', 'UMQ-01', 'AST-000034', NULL, '6', '', '', '', NULL, NULL, 'deployed', '', '', 'active', NULL, NULL, '1', '26', NULL, 'Source: COMPUTER sheet | Office: Um Qasser | 365 License: NO | Kaspersky: TRUE | UPS: 1 | Other: keyboard and mouse & Scaner FI-7700S | Imported from ASSET (1).xlsx', NULL, '2026-03-12 04:03:50', '2026-03-12 04:03:50');
INSERT INTO `assets` (`id`, `name`, `tag`, `barcode`, `category_id`, `brand`, `model`, `serial_number`, `purchase_date`, `warranty_expiry`, `procurement_stage`, `vendor_name`, `invoice_number`, `status`, `archived_at`, `archive_reason`, `branch_id`, `assigned_employee_id`, `assigned_user_id`, `notes`, `image_path`, `created_at`, `updated_at`) VALUES ('35', 'UMQ-DK-ARCHIVE', 'AST-000035', NULL, '6', '', '', '', NULL, NULL, 'deployed', '', '', 'active', NULL, NULL, '1', '27', NULL, 'Source: COMPUTER sheet | Office: Um Qasser | 365 License: NO | Kaspersky: TRUE | UPS: 1 | Other: keyboard and mouse | Imported from ASSET (1).xlsx', NULL, '2026-03-12 04:03:50', '2026-03-12 04:03:50');
INSERT INTO `assets` (`id`, `name`, `tag`, `barcode`, `category_id`, `brand`, `model`, `serial_number`, `purchase_date`, `warranty_expiry`, `procurement_stage`, `vendor_name`, `invoice_number`, `status`, `archived_at`, `archive_reason`, `branch_id`, `assigned_employee_id`, `assigned_user_id`, `notes`, `image_path`, `created_at`, `updated_at`) VALUES ('36', 'UMQ-DK-COM3', 'AST-000036', NULL, '6', '', '', '', NULL, NULL, 'deployed', '', '', 'active', NULL, NULL, '1', '28', NULL, 'Source: COMPUTER sheet | Office: Um Qasser | 365 License: NO | Kaspersky: TRUE | UPS: 1 | Other: keyboard and mouse& Canon 6030 printer | Imported from ASSET (1).xlsx', NULL, '2026-03-12 04:03:50', '2026-03-12 04:03:50');
INSERT INTO `assets` (`id`, `name`, `tag`, `barcode`, `category_id`, `brand`, `model`, `serial_number`, `purchase_date`, `warranty_expiry`, `procurement_stage`, `vendor_name`, `invoice_number`, `status`, `archived_at`, `archive_reason`, `branch_id`, `assigned_employee_id`, `assigned_user_id`, `notes`, `image_path`, `created_at`, `updated_at`) VALUES ('37', 'UMQ-DK-COM4', 'AST-000037', NULL, '6', '', '', '', NULL, NULL, 'deployed', '', '', 'active', NULL, NULL, '1', '29', NULL, 'Source: COMPUTER sheet | Office: Um Qasser | 365 License: NO | Kaspersky: TRUE | UPS: 1 | Other: keyboard and mouse | Imported from ASSET (1).xlsx', NULL, '2026-03-12 04:03:50', '2026-03-12 04:03:50');
INSERT INTO `assets` (`id`, `name`, `tag`, `barcode`, `category_id`, `brand`, `model`, `serial_number`, `purchase_date`, `warranty_expiry`, `procurement_stage`, `vendor_name`, `invoice_number`, `status`, `archived_at`, `archive_reason`, `branch_id`, `assigned_employee_id`, `assigned_user_id`, `notes`, `image_path`, `created_at`, `updated_at`) VALUES ('38', 'SAF-01', 'AST-000038', NULL, '6', '', '', '', NULL, NULL, 'deployed', '', '', 'active', NULL, NULL, '1', '30', NULL, 'Source: COMPUTER sheet | Office: Safwan | 365 License: TRUE | Kaspersky: TRUE | UPS: 1 | Other: keyboard and mouse | Imported from ASSET (1).xlsx', NULL, '2026-03-12 04:03:50', '2026-03-12 04:03:50');
INSERT INTO `assets` (`id`, `name`, `tag`, `barcode`, `category_id`, `brand`, `model`, `serial_number`, `purchase_date`, `warranty_expiry`, `procurement_stage`, `vendor_name`, `invoice_number`, `status`, `archived_at`, `archive_reason`, `branch_id`, `assigned_employee_id`, `assigned_user_id`, `notes`, `image_path`, `created_at`, `updated_at`) VALUES ('39', 'PC-SAFWAN-1', 'AST-000039', NULL, '6', '', '', '', NULL, NULL, 'deployed', '', '', 'active', NULL, NULL, '1', '31', NULL, 'Source: COMPUTER sheet | Office: Safwan | 365 License: TRUE | Kaspersky: TRUE | UPS: N/A | Other: keyboard and mouse | Imported from ASSET (1).xlsx', NULL, '2026-03-12 04:03:50', '2026-03-12 04:03:50');
INSERT INTO `assets` (`id`, `name`, `tag`, `barcode`, `category_id`, `brand`, `model`, `serial_number`, `purchase_date`, `warranty_expiry`, `procurement_stage`, `vendor_name`, `invoice_number`, `status`, `archived_at`, `archive_reason`, `branch_id`, `assigned_employee_id`, `assigned_user_id`, `notes`, `image_path`, `created_at`, `updated_at`) VALUES ('40', 'SAFWAN-DK-ARCHI', 'AST-000040', NULL, '6', '', '', '', NULL, NULL, 'deployed', '', '', 'active', NULL, NULL, '1', '32', NULL, 'Source: COMPUTER sheet | Office: Safwan | 365 License: TRUE | Kaspersky: TRUE | UPS: N/A | Other: keyboard and mouse | Imported from ASSET (1).xlsx', NULL, '2026-03-12 04:03:50', '2026-03-12 04:03:50');
INSERT INTO `assets` (`id`, `name`, `tag`, `barcode`, `category_id`, `brand`, `model`, `serial_number`, `purchase_date`, `warranty_expiry`, `procurement_stage`, `vendor_name`, `invoice_number`, `status`, `archived_at`, `archive_reason`, `branch_id`, `assigned_employee_id`, `assigned_user_id`, `notes`, `image_path`, `created_at`, `updated_at`) VALUES ('41', 'SAFWAN-SHARE', 'AST-000041', NULL, '6', '', '', '', NULL, NULL, 'deployed', '', '', 'active', NULL, NULL, '1', '33', NULL, 'Source: COMPUTER sheet | Office: Safwan | 365 License: TRUE | Kaspersky: TRUE | UPS: 1 | Other: keyboard and mouse& Canon 6030 printer& color printer M8124 | Imported from ASSET (1).xlsx', NULL, '2026-03-12 04:03:50', '2026-03-12 04:03:50');
INSERT INTO `assets` (`id`, `name`, `tag`, `barcode`, `category_id`, `brand`, `model`, `serial_number`, `purchase_date`, `warranty_expiry`, `procurement_stage`, `vendor_name`, `invoice_number`, `status`, `archived_at`, `archive_reason`, `branch_id`, `assigned_employee_id`, `assigned_user_id`, `notes`, `image_path`, `created_at`, `updated_at`) VALUES ('42', 'SAF-DK-MA', 'AST-000042', NULL, '6', '', '', '', NULL, NULL, 'deployed', '', '', 'active', NULL, NULL, '1', '34', NULL, 'Source: COMPUTER sheet | Office: Safwan | 365 License: TRUE | Kaspersky: TRUE | UPS: 1 | Other: keyboard and mouse&Scaner&Printer Canon 6030 | Imported from ASSET (1).xlsx', NULL, '2026-03-12 04:03:50', '2026-03-12 04:03:50');
INSERT INTO `assets` (`id`, `name`, `tag`, `barcode`, `category_id`, `brand`, `model`, `serial_number`, `purchase_date`, `warranty_expiry`, `procurement_stage`, `vendor_name`, `invoice_number`, `status`, `archived_at`, `archive_reason`, `branch_id`, `assigned_employee_id`, `assigned_user_id`, `notes`, `image_path`, `created_at`, `updated_at`) VALUES ('43', 'NUM-TRP-COM1', 'AST-000043', NULL, '6', '', '', '', NULL, NULL, 'deployed', '', '', 'active', NULL, NULL, '1', '35', NULL, 'Source: COMPUTER sheet | Office: Trebeel | 365 License: TRUE | Kaspersky: TRUE | UPS: 1 | Other: keyboard and mouse&Scaner DR-C240& Canon 6030 printer | Imported from ASSET (1).xlsx', NULL, '2026-03-12 04:03:50', '2026-03-12 04:03:50');
INSERT INTO `assets` (`id`, `name`, `tag`, `barcode`, `category_id`, `brand`, `model`, `serial_number`, `purchase_date`, `warranty_expiry`, `procurement_stage`, `vendor_name`, `invoice_number`, `status`, `archived_at`, `archive_reason`, `branch_id`, `assigned_employee_id`, `assigned_user_id`, `notes`, `image_path`, `created_at`, `updated_at`) VALUES ('44', 'NUM-TRP-COM2', 'AST-000044', NULL, '6', '', '', '', NULL, NULL, 'deployed', '', '', 'active', NULL, NULL, '1', '36', NULL, 'Source: COMPUTER sheet | Office: Trebeel | 365 License: TRUE | Kaspersky: TRUE | UPS: 1 | Other: keyboard and mouse&Scaner DR-C240& Canon 6030 printer | Imported from ASSET (1).xlsx', NULL, '2026-03-12 04:03:50', '2026-03-12 04:03:50');
INSERT INTO `assets` (`id`, `name`, `tag`, `barcode`, `category_id`, `brand`, `model`, `serial_number`, `purchase_date`, `warranty_expiry`, `procurement_stage`, `vendor_name`, `invoice_number`, `status`, `archived_at`, `archive_reason`, `branch_id`, `assigned_employee_id`, `assigned_user_id`, `notes`, `image_path`, `created_at`, `updated_at`) VALUES ('45', 'NUM-TRP-COM3', 'AST-000045', NULL, '6', '', '', '', NULL, NULL, 'deployed', '', '', 'active', NULL, NULL, '1', '37', NULL, 'Source: COMPUTER sheet | Office: Trebeel | 365 License: TRUE | Kaspersky: TRUE | UPS: 1 | Other: keyboard and mouse&Scaner DR-C240& Canon 6030 printer | Imported from ASSET (1).xlsx', NULL, '2026-03-12 04:03:50', '2026-03-12 04:03:50');
INSERT INTO `assets` (`id`, `name`, `tag`, `barcode`, `category_id`, `brand`, `model`, `serial_number`, `purchase_date`, `warranty_expiry`, `procurement_stage`, `vendor_name`, `invoice_number`, `status`, `archived_at`, `archive_reason`, `branch_id`, `assigned_employee_id`, `assigned_user_id`, `notes`, `image_path`, `created_at`, `updated_at`) VALUES ('46', 'NUM-TRP-COM4', 'AST-000046', NULL, '6', '', '', '', NULL, NULL, 'deployed', '', '', 'active', NULL, NULL, '1', '38', NULL, 'Source: COMPUTER sheet | Office: Trebeel | 365 License: TRUE | Kaspersky: TRUE | UPS: 1 | Other: keyboard and mouse&Scaner DR-C240& Canon 6030 printer | Imported from ASSET (1).xlsx', NULL, '2026-03-12 04:03:50', '2026-03-12 04:03:50');
INSERT INTO `assets` (`id`, `name`, `tag`, `barcode`, `category_id`, `brand`, `model`, `serial_number`, `purchase_date`, `warranty_expiry`, `procurement_stage`, `vendor_name`, `invoice_number`, `status`, `archived_at`, `archive_reason`, `branch_id`, `assigned_employee_id`, `assigned_user_id`, `notes`, `image_path`, `created_at`, `updated_at`) VALUES ('47', 'NUM-TRP-COM5', 'AST-000047', NULL, '6', '', '', '', NULL, NULL, 'deployed', '', '', 'active', NULL, NULL, '1', '39', NULL, 'Source: COMPUTER sheet | Office: Trebeel | 365 License: TRUE | Kaspersky: TRUE | UPS: 1 | Other: keyboard and mouse&Scaner DR-C240& Canon 6030 printer | Imported from ASSET (1).xlsx', NULL, '2026-03-12 04:03:50', '2026-03-12 04:03:50');
INSERT INTO `assets` (`id`, `name`, `tag`, `barcode`, `category_id`, `brand`, `model`, `serial_number`, `purchase_date`, `warranty_expiry`, `procurement_stage`, `vendor_name`, `invoice_number`, `status`, `archived_at`, `archive_reason`, `branch_id`, `assigned_employee_id`, `assigned_user_id`, `notes`, `image_path`, `created_at`, `updated_at`) VALUES ('48', 'NUM-TRP-COM6', 'AST-000048', NULL, '6', '', '', '', NULL, NULL, 'deployed', '', '', 'active', NULL, NULL, '4', '40', NULL, 'Source: COMPUTER sheet | Office: Trebeel | 365 License: TRUE | Kaspersky: TRUE | UPS: 1 | Other: keyboard and mouse | Imported from ASSET (1).xlsx', NULL, '2026-03-12 04:33:36', '2026-03-12 04:33:36');
INSERT INTO `assets` (`id`, `name`, `tag`, `barcode`, `category_id`, `brand`, `model`, `serial_number`, `purchase_date`, `warranty_expiry`, `procurement_stage`, `vendor_name`, `invoice_number`, `status`, `archived_at`, `archive_reason`, `branch_id`, `assigned_employee_id`, `assigned_user_id`, `notes`, `image_path`, `created_at`, `updated_at`) VALUES ('49', 'NUM-TRP-COM7', 'AST-000049', NULL, '6', '', '', '', NULL, NULL, 'deployed', '', '', 'active', NULL, NULL, '1', '41', NULL, 'Source: COMPUTER sheet | Office: Trebeel | 365 License: TRUE | Kaspersky: TRUE | UPS: 1 | Other: keyboard and mouse | Imported from ASSET (1).xlsx', NULL, '2026-03-12 04:03:50', '2026-03-12 04:03:50');
INSERT INTO `assets` (`id`, `name`, `tag`, `barcode`, `category_id`, `brand`, `model`, `serial_number`, `purchase_date`, `warranty_expiry`, `procurement_stage`, `vendor_name`, `invoice_number`, `status`, `archived_at`, `archive_reason`, `branch_id`, `assigned_employee_id`, `assigned_user_id`, `notes`, `image_path`, `created_at`, `updated_at`) VALUES ('50', 'NUM-TRP-COM8', 'AST-000050', NULL, '6', '', '', '', NULL, NULL, 'deployed', '', '', 'active', NULL, NULL, '1', '42', NULL, 'Source: COMPUTER sheet | Office: Trebeel | 365 License: TRUE | Kaspersky: TRUE | UPS: 1 | Other: keyboard and mouse | Imported from ASSET (1).xlsx', NULL, '2026-03-12 04:03:50', '2026-03-12 04:03:50');
INSERT INTO `assets` (`id`, `name`, `tag`, `barcode`, `category_id`, `brand`, `model`, `serial_number`, `purchase_date`, `warranty_expiry`, `procurement_stage`, `vendor_name`, `invoice_number`, `status`, `archived_at`, `archive_reason`, `branch_id`, `assigned_employee_id`, `assigned_user_id`, `notes`, `image_path`, `created_at`, `updated_at`) VALUES ('51', 'Lenovo all in one', 'AST-000051', NULL, '6', '', '', '', NULL, NULL, 'deployed', '', '', 'active', NULL, NULL, '1', '43', NULL, 'Source: COMPUTER sheet | Office: Arar | 365 License: TRUE | Kaspersky: TRUE | UPS: N/A | Other: keyboard and mouse | Imported from ASSET (1).xlsx', NULL, '2026-03-12 04:03:50', '2026-03-12 04:03:50');
INSERT INTO `assets` (`id`, `name`, `tag`, `barcode`, `category_id`, `brand`, `model`, `serial_number`, `purchase_date`, `warranty_expiry`, `procurement_stage`, `vendor_name`, `invoice_number`, `status`, `archived_at`, `archive_reason`, `branch_id`, `assigned_employee_id`, `assigned_user_id`, `notes`, `image_path`, `created_at`, `updated_at`) VALUES ('52', 'Lenovo all in one', 'AST-000052', NULL, '6', '', '', '', NULL, NULL, 'deployed', '', '', 'active', NULL, NULL, '1', '44', NULL, 'Source: COMPUTER sheet | Office: Arar | 365 License: TRUE | Kaspersky: TRUE | UPS: N/A | Other: keyboard and mouse&Scaner DR-C240& Canon 6030 printer | Imported from ASSET (1).xlsx', NULL, '2026-03-12 04:03:50', '2026-03-12 04:03:50');
INSERT INTO `assets` (`id`, `name`, `tag`, `barcode`, `category_id`, `brand`, `model`, `serial_number`, `purchase_date`, `warranty_expiry`, `procurement_stage`, `vendor_name`, `invoice_number`, `status`, `archived_at`, `archive_reason`, `branch_id`, `assigned_employee_id`, `assigned_user_id`, `notes`, `image_path`, `created_at`, `updated_at`) VALUES ('53', 'Lenovo LP', 'AST-000053', NULL, '6', '', '', '', NULL, NULL, 'deployed', '', '', 'active', NULL, NULL, '1', '45', NULL, 'Source: COMPUTER sheet | Office: kirkuk | CPU: cor i5 | RAM: RAM 16 | Imported from ASSET (1).xlsx', NULL, '2026-03-12 04:03:50', '2026-03-12 04:03:50');
INSERT INTO `assets` (`id`, `name`, `tag`, `barcode`, `category_id`, `brand`, `model`, `serial_number`, `purchase_date`, `warranty_expiry`, `procurement_stage`, `vendor_name`, `invoice_number`, `status`, `archived_at`, `archive_reason`, `branch_id`, `assigned_employee_id`, `assigned_user_id`, `notes`, `image_path`, `created_at`, `updated_at`) VALUES ('54', 'Lenovo LP', 'AST-000054', NULL, '6', '', '', '', NULL, NULL, 'deployed', '', '', 'active', NULL, NULL, '1', '46', NULL, 'Source: COMPUTER sheet | Office: kirkuk | CPU: cor i5 | RAM: RAM 16 | Imported from ASSET (1).xlsx', NULL, '2026-03-12 04:03:50', '2026-03-12 04:03:50');
INSERT INTO `assets` (`id`, `name`, `tag`, `barcode`, `category_id`, `brand`, `model`, `serial_number`, `purchase_date`, `warranty_expiry`, `procurement_stage`, `vendor_name`, `invoice_number`, `status`, `archived_at`, `archive_reason`, `branch_id`, `assigned_employee_id`, `assigned_user_id`, `notes`, `image_path`, `created_at`, `updated_at`) VALUES ('55', 'Lenovo LP', 'AST-000055', NULL, '6', '', '', '', NULL, NULL, 'deployed', '', '', 'active', NULL, NULL, '1', '47', NULL, 'Source: COMPUTER sheet | Office: Turkiye | CPU: cor i5 | RAM: RAM 16 | Imported from ASSET (1).xlsx', NULL, '2026-03-12 04:03:50', '2026-03-12 04:03:50');
INSERT INTO `assets` (`id`, `name`, `tag`, `barcode`, `category_id`, `brand`, `model`, `serial_number`, `purchase_date`, `warranty_expiry`, `procurement_stage`, `vendor_name`, `invoice_number`, `status`, `archived_at`, `archive_reason`, `branch_id`, `assigned_employee_id`, `assigned_user_id`, `notes`, `image_path`, `created_at`, `updated_at`) VALUES ('56', 'Lenovo LP', 'AST-000056', NULL, '6', '', '', '', NULL, NULL, 'deployed', '', '', 'active', NULL, NULL, '1', '48', NULL, 'Source: COMPUTER sheet | Office: Turkiye | CPU: cor i5 | RAM: RAM 16 | Imported from ASSET (1).xlsx', NULL, '2026-03-12 04:03:50', '2026-03-12 04:03:50');
INSERT INTO `assets` (`id`, `name`, `tag`, `barcode`, `category_id`, `brand`, `model`, `serial_number`, `purchase_date`, `warranty_expiry`, `procurement_stage`, `vendor_name`, `invoice_number`, `status`, `archived_at`, `archive_reason`, `branch_id`, `assigned_employee_id`, `assigned_user_id`, `notes`, `image_path`, `created_at`, `updated_at`) VALUES ('57', 'HP Laptop ProBook 650 G2', 'AST-000057', NULL, '1', '', '', '', NULL, NULL, 'received', '', '', 'storage', NULL, NULL, '1', NULL, NULL, 'Source: STORAGE sheet | Description: Reday | Imported quantity item 1 of 2 | Imported from ASSET (1).xlsx', NULL, '2026-03-12 04:03:50', '2026-03-12 04:03:50');
INSERT INTO `assets` (`id`, `name`, `tag`, `barcode`, `category_id`, `brand`, `model`, `serial_number`, `purchase_date`, `warranty_expiry`, `procurement_stage`, `vendor_name`, `invoice_number`, `status`, `archived_at`, `archive_reason`, `branch_id`, `assigned_employee_id`, `assigned_user_id`, `notes`, `image_path`, `created_at`, `updated_at`) VALUES ('58', 'HP Laptop ProBook 650 G2', 'AST-000058', NULL, '1', '', '', '', NULL, NULL, 'received', '', '', 'storage', NULL, NULL, '1', NULL, NULL, 'Source: STORAGE sheet | Description: Reday | Imported quantity item 2 of 2 | Imported from ASSET (1).xlsx', NULL, '2026-03-12 04:03:50', '2026-03-12 04:03:50');
INSERT INTO `assets` (`id`, `name`, `tag`, `barcode`, `category_id`, `brand`, `model`, `serial_number`, `purchase_date`, `warranty_expiry`, `procurement_stage`, `vendor_name`, `invoice_number`, `status`, `archived_at`, `archive_reason`, `branch_id`, `assigned_employee_id`, `assigned_user_id`, `notes`, `image_path`, `created_at`, `updated_at`) VALUES ('59', 'HP Laptop 850 G6', 'AST-000059', NULL, '1', '', '', '', NULL, NULL, 'received', '', '', 'storage', NULL, NULL, '1', NULL, NULL, 'Source: STORAGE sheet | Description: Reday | Imported quantity item 1 of 1 | Imported from ASSET (1).xlsx', NULL, '2026-03-12 04:03:50', '2026-03-12 04:03:50');
INSERT INTO `assets` (`id`, `name`, `tag`, `barcode`, `category_id`, `brand`, `model`, `serial_number`, `purchase_date`, `warranty_expiry`, `procurement_stage`, `vendor_name`, `invoice_number`, `status`, `archived_at`, `archive_reason`, `branch_id`, `assigned_employee_id`, `assigned_user_id`, `notes`, `image_path`, `created_at`, `updated_at`) VALUES ('60', 'Eyeping GS-SW2028S', 'AST-000060', NULL, '14', '', '', '', NULL, NULL, 'received', '', '', 'storage', NULL, NULL, '1', NULL, NULL, 'Source: STORAGE sheet | Description: Reday | Imported quantity item 1 of 1 | Imported from ASSET (1).xlsx', NULL, '2026-03-12 04:03:50', '2026-03-12 04:03:50');
INSERT INTO `assets` (`id`, `name`, `tag`, `barcode`, `category_id`, `brand`, `model`, `serial_number`, `purchase_date`, `warranty_expiry`, `procurement_stage`, `vendor_name`, `invoice_number`, `status`, `archived_at`, `archive_reason`, `branch_id`, `assigned_employee_id`, `assigned_user_id`, `notes`, `image_path`, `created_at`, `updated_at`) VALUES ('61', 'Lenovo All in one', 'AST-000061', NULL, '4', '', '', '', NULL, NULL, 'received', '', '', 'storage', NULL, NULL, '1', NULL, NULL, 'Source: STORAGE sheet | Description: Reday | Imported quantity item 1 of 1 | Imported from ASSET (1).xlsx', NULL, '2026-03-12 04:03:50', '2026-03-12 04:03:50');
INSERT INTO `assets` (`id`, `name`, `tag`, `barcode`, `category_id`, `brand`, `model`, `serial_number`, `purchase_date`, `warranty_expiry`, `procurement_stage`, `vendor_name`, `invoice_number`, `status`, `archived_at`, `archive_reason`, `branch_id`, `assigned_employee_id`, `assigned_user_id`, `notes`, `image_path`, `created_at`, `updated_at`) VALUES ('62', 'Cannon DR C240', 'AST-000062', NULL, '2', '', '', '', NULL, NULL, 'received', '', '', 'storage', NULL, NULL, '1', NULL, NULL, 'Source: STORAGE sheet | Description: Need 3 Power Cable | Imported quantity item 1 of 3 | Imported from ASSET (1).xlsx', NULL, '2026-03-12 04:03:50', '2026-03-12 04:03:50');
INSERT INTO `assets` (`id`, `name`, `tag`, `barcode`, `category_id`, `brand`, `model`, `serial_number`, `purchase_date`, `warranty_expiry`, `procurement_stage`, `vendor_name`, `invoice_number`, `status`, `archived_at`, `archive_reason`, `branch_id`, `assigned_employee_id`, `assigned_user_id`, `notes`, `image_path`, `created_at`, `updated_at`) VALUES ('63', 'Cannon DR C240', 'AST-000063', NULL, '2', '', '', '', NULL, NULL, 'received', '', '', 'storage', NULL, NULL, '1', NULL, NULL, 'Source: STORAGE sheet | Description: Need 3 Power Cable | Imported quantity item 2 of 3 | Imported from ASSET (1).xlsx', NULL, '2026-03-12 04:03:50', '2026-03-12 04:03:50');
INSERT INTO `assets` (`id`, `name`, `tag`, `barcode`, `category_id`, `brand`, `model`, `serial_number`, `purchase_date`, `warranty_expiry`, `procurement_stage`, `vendor_name`, `invoice_number`, `status`, `archived_at`, `archive_reason`, `branch_id`, `assigned_employee_id`, `assigned_user_id`, `notes`, `image_path`, `created_at`, `updated_at`) VALUES ('64', 'Cannon DR C240', 'AST-000064', NULL, '2', '', '', '', NULL, NULL, 'received', '', '', 'storage', NULL, NULL, '1', NULL, NULL, 'Source: STORAGE sheet | Description: Need 3 Power Cable | Imported quantity item 3 of 3 | Imported from ASSET (1).xlsx', NULL, '2026-03-12 04:03:50', '2026-03-12 04:03:50');
INSERT INTO `assets` (`id`, `name`, `tag`, `barcode`, `category_id`, `brand`, `model`, `serial_number`, `purchase_date`, `warranty_expiry`, `procurement_stage`, `vendor_name`, `invoice_number`, `status`, `archived_at`, `archive_reason`, `branch_id`, `assigned_employee_id`, `assigned_user_id`, `notes`, `image_path`, `created_at`, `updated_at`) VALUES ('65', 'Xerox', 'AST-000065', NULL, '2', '', '', '', NULL, NULL, 'received', '', '', 'storage', NULL, NULL, '1', NULL, NULL, 'Source: STORAGE sheet | Description: Reday | Imported quantity item 1 of 1 | Imported from ASSET (1).xlsx', NULL, '2026-03-12 04:03:50', '2026-03-12 04:03:50');
INSERT INTO `assets` (`id`, `name`, `tag`, `barcode`, `category_id`, `brand`, `model`, `serial_number`, `purchase_date`, `warranty_expiry`, `procurement_stage`, `vendor_name`, `invoice_number`, `status`, `archived_at`, `archive_reason`, `branch_id`, `assigned_employee_id`, `assigned_user_id`, `notes`, `image_path`, `created_at`, `updated_at`) VALUES ('66', 'Cisco catlayst 2960', 'AST-000066', NULL, '17', '', '', '', NULL, NULL, 'received', '', '', 'storage', NULL, NULL, '1', NULL, NULL, 'Source: STORAGE sheet | Description: Reday | Imported quantity item 1 of 4 | Imported from ASSET (1).xlsx', NULL, '2026-03-12 04:03:50', '2026-03-12 04:03:50');
INSERT INTO `assets` (`id`, `name`, `tag`, `barcode`, `category_id`, `brand`, `model`, `serial_number`, `purchase_date`, `warranty_expiry`, `procurement_stage`, `vendor_name`, `invoice_number`, `status`, `archived_at`, `archive_reason`, `branch_id`, `assigned_employee_id`, `assigned_user_id`, `notes`, `image_path`, `created_at`, `updated_at`) VALUES ('67', 'Cisco catlayst 2960', 'AST-000067', NULL, '17', '', '', '', NULL, NULL, 'received', '', '', 'storage', NULL, NULL, '1', NULL, NULL, 'Source: STORAGE sheet | Description: Reday | Imported quantity item 2 of 4 | Imported from ASSET (1).xlsx', NULL, '2026-03-12 04:03:50', '2026-03-12 04:03:50');
INSERT INTO `assets` (`id`, `name`, `tag`, `barcode`, `category_id`, `brand`, `model`, `serial_number`, `purchase_date`, `warranty_expiry`, `procurement_stage`, `vendor_name`, `invoice_number`, `status`, `archived_at`, `archive_reason`, `branch_id`, `assigned_employee_id`, `assigned_user_id`, `notes`, `image_path`, `created_at`, `updated_at`) VALUES ('68', 'Cisco catlayst 2960', 'AST-000068', NULL, '17', '', '', '', NULL, NULL, 'received', '', '', 'storage', NULL, NULL, '1', NULL, NULL, 'Source: STORAGE sheet | Description: Reday | Imported quantity item 3 of 4 | Imported from ASSET (1).xlsx', NULL, '2026-03-12 04:03:50', '2026-03-12 04:03:50');
INSERT INTO `assets` (`id`, `name`, `tag`, `barcode`, `category_id`, `brand`, `model`, `serial_number`, `purchase_date`, `warranty_expiry`, `procurement_stage`, `vendor_name`, `invoice_number`, `status`, `archived_at`, `archive_reason`, `branch_id`, `assigned_employee_id`, `assigned_user_id`, `notes`, `image_path`, `created_at`, `updated_at`) VALUES ('69', 'Cisco catlayst 2960', 'AST-000069', NULL, '17', '', '', '', NULL, NULL, 'received', '', '', 'storage', NULL, NULL, '1', NULL, NULL, 'Source: STORAGE sheet | Description: Reday | Imported quantity item 4 of 4 | Imported from ASSET (1).xlsx', NULL, '2026-03-12 04:03:50', '2026-03-12 04:03:50');
INSERT INTO `assets` (`id`, `name`, `tag`, `barcode`, `category_id`, `brand`, `model`, `serial_number`, `purchase_date`, `warranty_expiry`, `procurement_stage`, `vendor_name`, `invoice_number`, `status`, `archived_at`, `archive_reason`, `branch_id`, `assigned_employee_id`, `assigned_user_id`, `notes`, `image_path`, `created_at`, `updated_at`) VALUES ('70', 'Microtik CRS326-24G', 'AST-000070', NULL, '17', '', '', '', NULL, NULL, 'received', '', '', 'storage', NULL, NULL, '1', NULL, NULL, 'Source: STORAGE sheet | Description: Reday | Imported quantity item 1 of 2 | Imported from ASSET (1).xlsx', NULL, '2026-03-12 04:03:50', '2026-03-12 04:03:50');
INSERT INTO `assets` (`id`, `name`, `tag`, `barcode`, `category_id`, `brand`, `model`, `serial_number`, `purchase_date`, `warranty_expiry`, `procurement_stage`, `vendor_name`, `invoice_number`, `status`, `archived_at`, `archive_reason`, `branch_id`, `assigned_employee_id`, `assigned_user_id`, `notes`, `image_path`, `created_at`, `updated_at`) VALUES ('71', 'Microtik CRS326-24G', 'AST-000071', NULL, '17', '', '', '', NULL, NULL, 'received', '', '', 'storage', NULL, NULL, '1', NULL, NULL, 'Source: STORAGE sheet | Description: Reday | Imported quantity item 2 of 2 | Imported from ASSET (1).xlsx', NULL, '2026-03-12 04:03:50', '2026-03-12 04:03:50');
INSERT INTO `assets` (`id`, `name`, `tag`, `barcode`, `category_id`, `brand`, `model`, `serial_number`, `purchase_date`, `warranty_expiry`, `procurement_stage`, `vendor_name`, `invoice_number`, `status`, `archived_at`, `archive_reason`, `branch_id`, `assigned_employee_id`, `assigned_user_id`, `notes`, `image_path`, `created_at`, `updated_at`) VALUES ('72', 'HP LaserJet Pro MFP M281fdw', 'AST-000072', NULL, '16', '', '', '', NULL, NULL, 'received', '', '', 'storage', NULL, NULL, '1', NULL, NULL, 'Source: STORAGE sheet | Description: الاحبار غير متتطابقه | Imported quantity item 1 of 1 | Imported from ASSET (1).xlsx', NULL, '2026-03-12 04:03:50', '2026-03-12 04:03:50');
INSERT INTO `assets` (`id`, `name`, `tag`, `barcode`, `category_id`, `brand`, `model`, `serial_number`, `purchase_date`, `warranty_expiry`, `procurement_stage`, `vendor_name`, `invoice_number`, `status`, `archived_at`, `archive_reason`, `branch_id`, `assigned_employee_id`, `assigned_user_id`, `notes`, `image_path`, `created_at`, `updated_at`) VALUES ('73', 'canon isyesnce MF275DW', 'AST-000073', NULL, '16', '', '', '', NULL, NULL, 'received', '', '', 'storage', NULL, NULL, '1', NULL, NULL, 'Source: STORAGE sheet | Description: Reday | Imported quantity item 1 of 1 | Imported from ASSET (1).xlsx', NULL, '2026-03-12 04:03:50', '2026-03-12 04:03:50');
INSERT INTO `assets` (`id`, `name`, `tag`, `barcode`, `category_id`, `brand`, `model`, `serial_number`, `purchase_date`, `warranty_expiry`, `procurement_stage`, `vendor_name`, `invoice_number`, `status`, `archived_at`, `archive_reason`, `branch_id`, `assigned_employee_id`, `assigned_user_id`, `notes`, `image_path`, `created_at`, `updated_at`) VALUES ('74', 'image runner 2206', 'AST-000074', NULL, '16', '', '', '', NULL, NULL, 'received', '', '', 'storage', NULL, NULL, '1', NULL, NULL, 'Source: STORAGE sheet | Description: Reday | Imported quantity item 1 of 1 | Imported from ASSET (1).xlsx', NULL, '2026-03-12 04:03:50', '2026-03-12 04:03:50');
INSERT INTO `assets` (`id`, `name`, `tag`, `barcode`, `category_id`, `brand`, `model`, `serial_number`, `purchase_date`, `warranty_expiry`, `procurement_stage`, `vendor_name`, `invoice_number`, `status`, `archived_at`, `archive_reason`, `branch_id`, `assigned_employee_id`, `assigned_user_id`, `notes`, `image_path`, `created_at`, `updated_at`) VALUES ('75', 'caconn 6030', 'AST-000075', NULL, '19', '', '', '', NULL, NULL, 'received', '', '', 'storage', NULL, NULL, '1', NULL, NULL, 'Source: STORAGE sheet | Description: Reday | Imported quantity item 1 of 9 | Imported from ASSET (1).xlsx', NULL, '2026-03-12 04:03:50', '2026-03-12 04:03:50');
INSERT INTO `assets` (`id`, `name`, `tag`, `barcode`, `category_id`, `brand`, `model`, `serial_number`, `purchase_date`, `warranty_expiry`, `procurement_stage`, `vendor_name`, `invoice_number`, `status`, `archived_at`, `archive_reason`, `branch_id`, `assigned_employee_id`, `assigned_user_id`, `notes`, `image_path`, `created_at`, `updated_at`) VALUES ('76', 'caconn 6030', 'AST-000076', NULL, '19', '', '', '', NULL, NULL, 'received', '', '', 'storage', NULL, NULL, '1', NULL, NULL, 'Source: STORAGE sheet | Description: Reday | Imported quantity item 2 of 9 | Imported from ASSET (1).xlsx', NULL, '2026-03-12 04:03:50', '2026-03-12 04:03:50');
INSERT INTO `assets` (`id`, `name`, `tag`, `barcode`, `category_id`, `brand`, `model`, `serial_number`, `purchase_date`, `warranty_expiry`, `procurement_stage`, `vendor_name`, `invoice_number`, `status`, `archived_at`, `archive_reason`, `branch_id`, `assigned_employee_id`, `assigned_user_id`, `notes`, `image_path`, `created_at`, `updated_at`) VALUES ('77', 'caconn 6030', 'AST-000077', NULL, '19', '', '', '', NULL, NULL, 'received', '', '', 'storage', NULL, NULL, '1', NULL, NULL, 'Source: STORAGE sheet | Description: Reday | Imported quantity item 3 of 9 | Imported from ASSET (1).xlsx', NULL, '2026-03-12 04:03:50', '2026-03-12 04:03:50');
INSERT INTO `assets` (`id`, `name`, `tag`, `barcode`, `category_id`, `brand`, `model`, `serial_number`, `purchase_date`, `warranty_expiry`, `procurement_stage`, `vendor_name`, `invoice_number`, `status`, `archived_at`, `archive_reason`, `branch_id`, `assigned_employee_id`, `assigned_user_id`, `notes`, `image_path`, `created_at`, `updated_at`) VALUES ('78', 'caconn 6030', 'AST-000078', NULL, '19', '', '', '', NULL, NULL, 'received', '', '', 'storage', NULL, NULL, '1', NULL, NULL, 'Source: STORAGE sheet | Description: Reday | Imported quantity item 4 of 9 | Imported from ASSET (1).xlsx', NULL, '2026-03-12 04:03:50', '2026-03-12 04:03:50');
INSERT INTO `assets` (`id`, `name`, `tag`, `barcode`, `category_id`, `brand`, `model`, `serial_number`, `purchase_date`, `warranty_expiry`, `procurement_stage`, `vendor_name`, `invoice_number`, `status`, `archived_at`, `archive_reason`, `branch_id`, `assigned_employee_id`, `assigned_user_id`, `notes`, `image_path`, `created_at`, `updated_at`) VALUES ('79', 'caconn 6030', 'AST-000079', NULL, '19', '', '', '', NULL, NULL, 'received', '', '', 'storage', NULL, NULL, '1', NULL, NULL, 'Source: STORAGE sheet | Description: Reday | Imported quantity item 5 of 9 | Imported from ASSET (1).xlsx', NULL, '2026-03-12 04:03:50', '2026-03-12 04:03:50');
INSERT INTO `assets` (`id`, `name`, `tag`, `barcode`, `category_id`, `brand`, `model`, `serial_number`, `purchase_date`, `warranty_expiry`, `procurement_stage`, `vendor_name`, `invoice_number`, `status`, `archived_at`, `archive_reason`, `branch_id`, `assigned_employee_id`, `assigned_user_id`, `notes`, `image_path`, `created_at`, `updated_at`) VALUES ('80', 'caconn 6030', 'AST-000080', NULL, '19', '', '', '', NULL, NULL, 'received', '', '', 'storage', NULL, NULL, '1', NULL, NULL, 'Source: STORAGE sheet | Description: Reday | Imported quantity item 6 of 9 | Imported from ASSET (1).xlsx', NULL, '2026-03-12 04:03:50', '2026-03-12 04:03:50');
INSERT INTO `assets` (`id`, `name`, `tag`, `barcode`, `category_id`, `brand`, `model`, `serial_number`, `purchase_date`, `warranty_expiry`, `procurement_stage`, `vendor_name`, `invoice_number`, `status`, `archived_at`, `archive_reason`, `branch_id`, `assigned_employee_id`, `assigned_user_id`, `notes`, `image_path`, `created_at`, `updated_at`) VALUES ('81', 'caconn 6030', 'AST-000081', NULL, '19', '', '', '', NULL, NULL, 'received', '', '', 'storage', NULL, NULL, '1', NULL, NULL, 'Source: STORAGE sheet | Description: Reday | Imported quantity item 7 of 9 | Imported from ASSET (1).xlsx', NULL, '2026-03-12 04:03:50', '2026-03-12 04:03:50');
INSERT INTO `assets` (`id`, `name`, `tag`, `barcode`, `category_id`, `brand`, `model`, `serial_number`, `purchase_date`, `warranty_expiry`, `procurement_stage`, `vendor_name`, `invoice_number`, `status`, `archived_at`, `archive_reason`, `branch_id`, `assigned_employee_id`, `assigned_user_id`, `notes`, `image_path`, `created_at`, `updated_at`) VALUES ('82', 'caconn 6030', 'AST-000082', NULL, '19', '', '', '', NULL, NULL, 'received', '', '', 'storage', NULL, NULL, '1', NULL, NULL, 'Source: STORAGE sheet | Description: Reday | Imported quantity item 8 of 9 | Imported from ASSET (1).xlsx', NULL, '2026-03-12 04:03:50', '2026-03-12 04:03:50');
INSERT INTO `assets` (`id`, `name`, `tag`, `barcode`, `category_id`, `brand`, `model`, `serial_number`, `purchase_date`, `warranty_expiry`, `procurement_stage`, `vendor_name`, `invoice_number`, `status`, `archived_at`, `archive_reason`, `branch_id`, `assigned_employee_id`, `assigned_user_id`, `notes`, `image_path`, `created_at`, `updated_at`) VALUES ('83', 'caconn 6030', 'AST-000083', NULL, '19', '', '', '', NULL, NULL, 'received', '', '', 'storage', NULL, NULL, '1', NULL, NULL, 'Source: STORAGE sheet | Description: Reday | Imported quantity item 9 of 9 | Imported from ASSET (1).xlsx', NULL, '2026-03-12 04:03:50', '2026-03-12 04:03:50');
INSERT INTO `assets` (`id`, `name`, `tag`, `barcode`, `category_id`, `brand`, `model`, `serial_number`, `purchase_date`, `warranty_expiry`, `procurement_stage`, `vendor_name`, `invoice_number`, `status`, `archived_at`, `archive_reason`, `branch_id`, `assigned_employee_id`, `assigned_user_id`, `notes`, `image_path`, `created_at`, `updated_at`) VALUES ('84', 'Cannon LB 6030', 'AST-000084', NULL, '15', '', '', '', NULL, NULL, 'received', '', '', 'broken', '2026-03-12 04:16:28', 'Don\'t work', '10', NULL, NULL, 'Source: STORAGE sheet | Description: Reday | Imported quantity item 1 of 3 | Imported from ASSET (1).xlsx', NULL, '2026-03-12 04:43:48', '2026-03-12 04:43:48');
INSERT INTO `assets` (`id`, `name`, `tag`, `barcode`, `category_id`, `brand`, `model`, `serial_number`, `purchase_date`, `warranty_expiry`, `procurement_stage`, `vendor_name`, `invoice_number`, `status`, `archived_at`, `archive_reason`, `branch_id`, `assigned_employee_id`, `assigned_user_id`, `notes`, `image_path`, `created_at`, `updated_at`) VALUES ('85', 'Cannon LB 6030', 'AST-000085', NULL, '15', '', '', '', NULL, NULL, 'received', '', '', 'storage', NULL, NULL, '1', NULL, NULL, 'Source: STORAGE sheet | Description: Reday | Imported quantity item 2 of 3 | Imported from ASSET (1).xlsx', NULL, '2026-03-12 04:03:50', '2026-03-12 04:03:50');
INSERT INTO `assets` (`id`, `name`, `tag`, `barcode`, `category_id`, `brand`, `model`, `serial_number`, `purchase_date`, `warranty_expiry`, `procurement_stage`, `vendor_name`, `invoice_number`, `status`, `archived_at`, `archive_reason`, `branch_id`, `assigned_employee_id`, `assigned_user_id`, `notes`, `image_path`, `created_at`, `updated_at`) VALUES ('86', 'Cannon LB 6030', 'AST-000086', NULL, '15', '', '', '', NULL, NULL, 'received', '', '', 'storage', NULL, NULL, '1', NULL, NULL, 'Source: STORAGE sheet | Description: Reday | Imported quantity item 3 of 3 | Imported from ASSET (1).xlsx', NULL, '2026-03-12 04:03:50', '2026-03-12 04:03:50');
INSERT INTO `assets` (`id`, `name`, `tag`, `barcode`, `category_id`, `brand`, `model`, `serial_number`, `purchase_date`, `warranty_expiry`, `procurement_stage`, `vendor_name`, `invoice_number`, `status`, `archived_at`, `archive_reason`, `branch_id`, `assigned_employee_id`, `assigned_user_id`, `notes`, `image_path`, `created_at`, `updated_at`) VALUES ('87', 'image class mf 3010', 'AST-000087', NULL, '16', '', '', '', NULL, NULL, 'received', '', '', 'storage', NULL, NULL, '1', NULL, NULL, 'Source: STORAGE sheet | Description: Reday | Imported quantity item 1 of 1 | Imported from ASSET (1).xlsx', NULL, '2026-03-12 04:03:50', '2026-03-12 04:03:50');
INSERT INTO `assets` (`id`, `name`, `tag`, `barcode`, `category_id`, `brand`, `model`, `serial_number`, `purchase_date`, `warranty_expiry`, `procurement_stage`, `vendor_name`, `invoice_number`, `status`, `archived_at`, `archive_reason`, `branch_id`, `assigned_employee_id`, `assigned_user_id`, `notes`, `image_path`, `created_at`, `updated_at`) VALUES ('88', 'Brothere T220', 'AST-000088', NULL, '16', '', '', '', NULL, NULL, 'received', '', '', 'storage', NULL, NULL, '1', NULL, NULL, 'Source: STORAGE sheet | Description: Reday | Imported quantity item 1 of 1 | Imported from ASSET (1).xlsx', NULL, '2026-03-12 04:03:50', '2026-03-12 04:03:50');
INSERT INTO `assets` (`id`, `name`, `tag`, `barcode`, `category_id`, `brand`, `model`, `serial_number`, `purchase_date`, `warranty_expiry`, `procurement_stage`, `vendor_name`, `invoice_number`, `status`, `archived_at`, `archive_reason`, `branch_id`, `assigned_employee_id`, `assigned_user_id`, `notes`, `image_path`, `created_at`, `updated_at`) VALUES ('89', 'G48/GPR-33/CEXV31', 'AST-000089', NULL, '19', '', '', '', NULL, NULL, 'received', '', '', 'storage', NULL, NULL, '1', NULL, NULL, 'Source: STORAGE sheet | Description: Reday | Imported quantity item 1 of 6 | Imported from ASSET (1).xlsx', NULL, '2026-03-12 04:03:50', '2026-03-12 04:03:50');
INSERT INTO `assets` (`id`, `name`, `tag`, `barcode`, `category_id`, `brand`, `model`, `serial_number`, `purchase_date`, `warranty_expiry`, `procurement_stage`, `vendor_name`, `invoice_number`, `status`, `archived_at`, `archive_reason`, `branch_id`, `assigned_employee_id`, `assigned_user_id`, `notes`, `image_path`, `created_at`, `updated_at`) VALUES ('90', 'G48/GPR-33/CEXV31', 'AST-000090', NULL, '19', '', '', '', NULL, NULL, 'received', '', '', 'storage', NULL, NULL, '1', NULL, NULL, 'Source: STORAGE sheet | Description: Reday | Imported quantity item 2 of 6 | Imported from ASSET (1).xlsx', NULL, '2026-03-12 04:03:50', '2026-03-12 04:03:50');
INSERT INTO `assets` (`id`, `name`, `tag`, `barcode`, `category_id`, `brand`, `model`, `serial_number`, `purchase_date`, `warranty_expiry`, `procurement_stage`, `vendor_name`, `invoice_number`, `status`, `archived_at`, `archive_reason`, `branch_id`, `assigned_employee_id`, `assigned_user_id`, `notes`, `image_path`, `created_at`, `updated_at`) VALUES ('91', 'G48/GPR-33/CEXV31', 'AST-000091', NULL, '19', '', '', '', NULL, NULL, 'received', '', '', 'storage', NULL, NULL, '1', NULL, NULL, 'Source: STORAGE sheet | Description: Reday | Imported quantity item 3 of 6 | Imported from ASSET (1).xlsx', NULL, '2026-03-12 04:03:50', '2026-03-12 04:03:50');
INSERT INTO `assets` (`id`, `name`, `tag`, `barcode`, `category_id`, `brand`, `model`, `serial_number`, `purchase_date`, `warranty_expiry`, `procurement_stage`, `vendor_name`, `invoice_number`, `status`, `archived_at`, `archive_reason`, `branch_id`, `assigned_employee_id`, `assigned_user_id`, `notes`, `image_path`, `created_at`, `updated_at`) VALUES ('92', 'G48/GPR-33/CEXV31', 'AST-000092', NULL, '19', '', '', '', NULL, NULL, 'received', '', '', 'storage', NULL, NULL, '1', NULL, NULL, 'Source: STORAGE sheet | Description: Reday | Imported quantity item 4 of 6 | Imported from ASSET (1).xlsx', NULL, '2026-03-12 04:03:50', '2026-03-12 04:03:50');
INSERT INTO `assets` (`id`, `name`, `tag`, `barcode`, `category_id`, `brand`, `model`, `serial_number`, `purchase_date`, `warranty_expiry`, `procurement_stage`, `vendor_name`, `invoice_number`, `status`, `archived_at`, `archive_reason`, `branch_id`, `assigned_employee_id`, `assigned_user_id`, `notes`, `image_path`, `created_at`, `updated_at`) VALUES ('93', 'G48/GPR-33/CEXV31', 'AST-000093', NULL, '19', '', '', '', NULL, NULL, 'received', '', '', 'storage', NULL, NULL, '1', NULL, NULL, 'Source: STORAGE sheet | Description: Reday | Imported quantity item 5 of 6 | Imported from ASSET (1).xlsx', NULL, '2026-03-12 04:03:50', '2026-03-12 04:03:50');
INSERT INTO `assets` (`id`, `name`, `tag`, `barcode`, `category_id`, `brand`, `model`, `serial_number`, `purchase_date`, `warranty_expiry`, `procurement_stage`, `vendor_name`, `invoice_number`, `status`, `archived_at`, `archive_reason`, `branch_id`, `assigned_employee_id`, `assigned_user_id`, `notes`, `image_path`, `created_at`, `updated_at`) VALUES ('94', 'G48/GPR-33/CEXV31', 'AST-000094', NULL, '19', '', '', '', NULL, NULL, 'received', '', '', 'storage', NULL, NULL, '1', NULL, NULL, 'Source: STORAGE sheet | Description: Reday | Imported quantity item 6 of 6 | Imported from ASSET (1).xlsx', NULL, '2026-03-12 04:03:50', '2026-03-12 04:03:50');
INSERT INTO `assets` (`id`, `name`, `tag`, `barcode`, `category_id`, `brand`, `model`, `serial_number`, `purchase_date`, `warranty_expiry`, `procurement_stage`, `vendor_name`, `invoice_number`, `status`, `archived_at`, `archive_reason`, `branch_id`, `assigned_employee_id`, `assigned_user_id`, `notes`, `image_path`, `created_at`, `updated_at`) VALUES ('95', 'camera stands', 'AST-000095', NULL, '21', '', '', '', NULL, NULL, 'received', '', '', 'storage', NULL, NULL, '1', NULL, NULL, 'Source: STORAGE sheet | Description: Reday | Imported quantity item 1 of 12 | Imported from ASSET (1).xlsx', NULL, '2026-03-12 04:03:50', '2026-03-12 04:03:50');
INSERT INTO `assets` (`id`, `name`, `tag`, `barcode`, `category_id`, `brand`, `model`, `serial_number`, `purchase_date`, `warranty_expiry`, `procurement_stage`, `vendor_name`, `invoice_number`, `status`, `archived_at`, `archive_reason`, `branch_id`, `assigned_employee_id`, `assigned_user_id`, `notes`, `image_path`, `created_at`, `updated_at`) VALUES ('96', 'camera stands', 'AST-000096', NULL, '21', '', '', '', NULL, NULL, 'received', '', '', 'storage', NULL, NULL, '1', NULL, NULL, 'Source: STORAGE sheet | Description: Reday | Imported quantity item 2 of 12 | Imported from ASSET (1).xlsx', NULL, '2026-03-12 04:03:50', '2026-03-12 04:03:50');
INSERT INTO `assets` (`id`, `name`, `tag`, `barcode`, `category_id`, `brand`, `model`, `serial_number`, `purchase_date`, `warranty_expiry`, `procurement_stage`, `vendor_name`, `invoice_number`, `status`, `archived_at`, `archive_reason`, `branch_id`, `assigned_employee_id`, `assigned_user_id`, `notes`, `image_path`, `created_at`, `updated_at`) VALUES ('97', 'camera stands', 'AST-000097', NULL, '21', '', '', '', NULL, NULL, 'received', '', '', 'storage', NULL, NULL, '1', NULL, NULL, 'Source: STORAGE sheet | Description: Reday | Imported quantity item 3 of 12 | Imported from ASSET (1).xlsx', NULL, '2026-03-12 04:03:50', '2026-03-12 04:03:50');
INSERT INTO `assets` (`id`, `name`, `tag`, `barcode`, `category_id`, `brand`, `model`, `serial_number`, `purchase_date`, `warranty_expiry`, `procurement_stage`, `vendor_name`, `invoice_number`, `status`, `archived_at`, `archive_reason`, `branch_id`, `assigned_employee_id`, `assigned_user_id`, `notes`, `image_path`, `created_at`, `updated_at`) VALUES ('98', 'camera stands', 'AST-000098', NULL, '21', '', '', '', NULL, NULL, 'received', '', '', 'storage', NULL, NULL, '1', NULL, NULL, 'Source: STORAGE sheet | Description: Reday | Imported quantity item 4 of 12 | Imported from ASSET (1).xlsx', NULL, '2026-03-12 04:03:50', '2026-03-12 04:03:50');
INSERT INTO `assets` (`id`, `name`, `tag`, `barcode`, `category_id`, `brand`, `model`, `serial_number`, `purchase_date`, `warranty_expiry`, `procurement_stage`, `vendor_name`, `invoice_number`, `status`, `archived_at`, `archive_reason`, `branch_id`, `assigned_employee_id`, `assigned_user_id`, `notes`, `image_path`, `created_at`, `updated_at`) VALUES ('99', 'camera stands', 'AST-000099', NULL, '21', '', '', '', NULL, NULL, 'received', '', '', 'storage', NULL, NULL, '1', NULL, NULL, 'Source: STORAGE sheet | Description: Reday | Imported quantity item 5 of 12 | Imported from ASSET (1).xlsx', NULL, '2026-03-12 04:03:50', '2026-03-12 04:03:50');
INSERT INTO `assets` (`id`, `name`, `tag`, `barcode`, `category_id`, `brand`, `model`, `serial_number`, `purchase_date`, `warranty_expiry`, `procurement_stage`, `vendor_name`, `invoice_number`, `status`, `archived_at`, `archive_reason`, `branch_id`, `assigned_employee_id`, `assigned_user_id`, `notes`, `image_path`, `created_at`, `updated_at`) VALUES ('100', 'camera stands', 'AST-000100', NULL, '21', '', '', '', NULL, NULL, 'received', '', '', 'storage', NULL, NULL, '1', NULL, NULL, 'Source: STORAGE sheet | Description: Reday | Imported quantity item 6 of 12 | Imported from ASSET (1).xlsx', NULL, '2026-03-12 04:03:50', '2026-03-12 04:03:50');
INSERT INTO `assets` (`id`, `name`, `tag`, `barcode`, `category_id`, `brand`, `model`, `serial_number`, `purchase_date`, `warranty_expiry`, `procurement_stage`, `vendor_name`, `invoice_number`, `status`, `archived_at`, `archive_reason`, `branch_id`, `assigned_employee_id`, `assigned_user_id`, `notes`, `image_path`, `created_at`, `updated_at`) VALUES ('101', 'camera stands', 'AST-000101', NULL, '21', '', '', '', NULL, NULL, 'received', '', '', 'storage', NULL, NULL, '1', NULL, NULL, 'Source: STORAGE sheet | Description: Reday | Imported quantity item 7 of 12 | Imported from ASSET (1).xlsx', NULL, '2026-03-12 04:03:50', '2026-03-12 04:03:50');
INSERT INTO `assets` (`id`, `name`, `tag`, `barcode`, `category_id`, `brand`, `model`, `serial_number`, `purchase_date`, `warranty_expiry`, `procurement_stage`, `vendor_name`, `invoice_number`, `status`, `archived_at`, `archive_reason`, `branch_id`, `assigned_employee_id`, `assigned_user_id`, `notes`, `image_path`, `created_at`, `updated_at`) VALUES ('102', 'camera stands', 'AST-000102', NULL, '21', '', '', '', NULL, NULL, 'received', '', '', 'storage', NULL, NULL, '1', NULL, NULL, 'Source: STORAGE sheet | Description: Reday | Imported quantity item 8 of 12 | Imported from ASSET (1).xlsx', NULL, '2026-03-12 04:03:50', '2026-03-12 04:03:50');
INSERT INTO `assets` (`id`, `name`, `tag`, `barcode`, `category_id`, `brand`, `model`, `serial_number`, `purchase_date`, `warranty_expiry`, `procurement_stage`, `vendor_name`, `invoice_number`, `status`, `archived_at`, `archive_reason`, `branch_id`, `assigned_employee_id`, `assigned_user_id`, `notes`, `image_path`, `created_at`, `updated_at`) VALUES ('103', 'camera stands', 'AST-000103', NULL, '21', '', '', '', NULL, NULL, 'received', '', '', 'storage', NULL, NULL, '1', NULL, NULL, 'Source: STORAGE sheet | Description: Reday | Imported quantity item 9 of 12 | Imported from ASSET (1).xlsx', NULL, '2026-03-12 04:03:50', '2026-03-12 04:03:50');
INSERT INTO `assets` (`id`, `name`, `tag`, `barcode`, `category_id`, `brand`, `model`, `serial_number`, `purchase_date`, `warranty_expiry`, `procurement_stage`, `vendor_name`, `invoice_number`, `status`, `archived_at`, `archive_reason`, `branch_id`, `assigned_employee_id`, `assigned_user_id`, `notes`, `image_path`, `created_at`, `updated_at`) VALUES ('104', 'camera stands', 'AST-000104', NULL, '21', '', '', '', NULL, NULL, 'received', '', '', 'storage', NULL, NULL, '1', NULL, NULL, 'Source: STORAGE sheet | Description: Reday | Imported quantity item 10 of 12 | Imported from ASSET (1).xlsx', NULL, '2026-03-12 04:03:50', '2026-03-12 04:03:50');
INSERT INTO `assets` (`id`, `name`, `tag`, `barcode`, `category_id`, `brand`, `model`, `serial_number`, `purchase_date`, `warranty_expiry`, `procurement_stage`, `vendor_name`, `invoice_number`, `status`, `archived_at`, `archive_reason`, `branch_id`, `assigned_employee_id`, `assigned_user_id`, `notes`, `image_path`, `created_at`, `updated_at`) VALUES ('105', 'camera stands', 'AST-000105', NULL, '21', '', '', '', NULL, NULL, 'received', '', '', 'storage', NULL, NULL, '1', NULL, NULL, 'Source: STORAGE sheet | Description: Reday | Imported quantity item 11 of 12 | Imported from ASSET (1).xlsx', NULL, '2026-03-12 04:03:50', '2026-03-12 04:03:50');
INSERT INTO `assets` (`id`, `name`, `tag`, `barcode`, `category_id`, `brand`, `model`, `serial_number`, `purchase_date`, `warranty_expiry`, `procurement_stage`, `vendor_name`, `invoice_number`, `status`, `archived_at`, `archive_reason`, `branch_id`, `assigned_employee_id`, `assigned_user_id`, `notes`, `image_path`, `created_at`, `updated_at`) VALUES ('106', 'camera stands', 'AST-000106', NULL, '21', '', '', '', NULL, NULL, 'received', '', '', 'storage', NULL, NULL, '1', NULL, NULL, 'Source: STORAGE sheet | Description: Reday | Imported quantity item 12 of 12 | Imported from ASSET (1).xlsx', NULL, '2026-03-12 04:03:50', '2026-03-12 04:03:50');
INSERT INTO `assets` (`id`, `name`, `tag`, `barcode`, `category_id`, `brand`, `model`, `serial_number`, `purchase_date`, `warranty_expiry`, `procurement_stage`, `vendor_name`, `invoice_number`, `status`, `archived_at`, `archive_reason`, `branch_id`, `assigned_employee_id`, `assigned_user_id`, `notes`, `image_path`, `created_at`, `updated_at`) VALUES ('107', 'Hard drive 10T', 'AST-000107', NULL, '7', '', '', '', NULL, NULL, 'received', '', '', 'storage', NULL, NULL, '1', NULL, NULL, 'Source: STORAGE sheet | Description: Reday | Imported quantity item 1 of 18 | Imported from ASSET (1).xlsx', NULL, '2026-03-12 04:03:50', '2026-03-12 04:03:50');
INSERT INTO `assets` (`id`, `name`, `tag`, `barcode`, `category_id`, `brand`, `model`, `serial_number`, `purchase_date`, `warranty_expiry`, `procurement_stage`, `vendor_name`, `invoice_number`, `status`, `archived_at`, `archive_reason`, `branch_id`, `assigned_employee_id`, `assigned_user_id`, `notes`, `image_path`, `created_at`, `updated_at`) VALUES ('108', 'Hard drive 10T', 'AST-000108', NULL, '7', '', '', '', NULL, NULL, 'received', '', '', 'storage', NULL, NULL, '1', NULL, NULL, 'Source: STORAGE sheet | Description: Reday | Imported quantity item 2 of 18 | Imported from ASSET (1).xlsx', NULL, '2026-03-12 04:03:50', '2026-03-12 04:03:50');
INSERT INTO `assets` (`id`, `name`, `tag`, `barcode`, `category_id`, `brand`, `model`, `serial_number`, `purchase_date`, `warranty_expiry`, `procurement_stage`, `vendor_name`, `invoice_number`, `status`, `archived_at`, `archive_reason`, `branch_id`, `assigned_employee_id`, `assigned_user_id`, `notes`, `image_path`, `created_at`, `updated_at`) VALUES ('109', 'Hard drive 10T', 'AST-000109', NULL, '7', '', '', '', NULL, NULL, 'received', '', '', 'storage', NULL, NULL, '1', NULL, NULL, 'Source: STORAGE sheet | Description: Reday | Imported quantity item 3 of 18 | Imported from ASSET (1).xlsx', NULL, '2026-03-12 04:03:50', '2026-03-12 04:03:50');
INSERT INTO `assets` (`id`, `name`, `tag`, `barcode`, `category_id`, `brand`, `model`, `serial_number`, `purchase_date`, `warranty_expiry`, `procurement_stage`, `vendor_name`, `invoice_number`, `status`, `archived_at`, `archive_reason`, `branch_id`, `assigned_employee_id`, `assigned_user_id`, `notes`, `image_path`, `created_at`, `updated_at`) VALUES ('110', 'Hard drive 10T', 'AST-000110', NULL, '7', '', '', '', NULL, NULL, 'received', '', '', 'storage', NULL, NULL, '1', NULL, NULL, 'Source: STORAGE sheet | Description: Reday | Imported quantity item 4 of 18 | Imported from ASSET (1).xlsx', NULL, '2026-03-12 04:03:50', '2026-03-12 04:03:50');
INSERT INTO `assets` (`id`, `name`, `tag`, `barcode`, `category_id`, `brand`, `model`, `serial_number`, `purchase_date`, `warranty_expiry`, `procurement_stage`, `vendor_name`, `invoice_number`, `status`, `archived_at`, `archive_reason`, `branch_id`, `assigned_employee_id`, `assigned_user_id`, `notes`, `image_path`, `created_at`, `updated_at`) VALUES ('111', 'Hard drive 10T', 'AST-000111', NULL, '7', '', '', '', NULL, NULL, 'received', '', '', 'storage', NULL, NULL, '1', NULL, NULL, 'Source: STORAGE sheet | Description: Reday | Imported quantity item 5 of 18 | Imported from ASSET (1).xlsx', NULL, '2026-03-12 04:03:50', '2026-03-12 04:03:50');
INSERT INTO `assets` (`id`, `name`, `tag`, `barcode`, `category_id`, `brand`, `model`, `serial_number`, `purchase_date`, `warranty_expiry`, `procurement_stage`, `vendor_name`, `invoice_number`, `status`, `archived_at`, `archive_reason`, `branch_id`, `assigned_employee_id`, `assigned_user_id`, `notes`, `image_path`, `created_at`, `updated_at`) VALUES ('112', 'Hard drive 10T', 'AST-000112', NULL, '7', '', '', '', NULL, NULL, 'received', '', '', 'storage', NULL, NULL, '1', NULL, NULL, 'Source: STORAGE sheet | Description: Reday | Imported quantity item 6 of 18 | Imported from ASSET (1).xlsx', NULL, '2026-03-12 04:03:50', '2026-03-12 04:03:50');
INSERT INTO `assets` (`id`, `name`, `tag`, `barcode`, `category_id`, `brand`, `model`, `serial_number`, `purchase_date`, `warranty_expiry`, `procurement_stage`, `vendor_name`, `invoice_number`, `status`, `archived_at`, `archive_reason`, `branch_id`, `assigned_employee_id`, `assigned_user_id`, `notes`, `image_path`, `created_at`, `updated_at`) VALUES ('113', 'Hard drive 10T', 'AST-000113', NULL, '7', '', '', '', NULL, NULL, 'received', '', '', 'storage', NULL, NULL, '1', NULL, NULL, 'Source: STORAGE sheet | Description: Reday | Imported quantity item 7 of 18 | Imported from ASSET (1).xlsx', NULL, '2026-03-12 04:03:50', '2026-03-12 04:03:50');
INSERT INTO `assets` (`id`, `name`, `tag`, `barcode`, `category_id`, `brand`, `model`, `serial_number`, `purchase_date`, `warranty_expiry`, `procurement_stage`, `vendor_name`, `invoice_number`, `status`, `archived_at`, `archive_reason`, `branch_id`, `assigned_employee_id`, `assigned_user_id`, `notes`, `image_path`, `created_at`, `updated_at`) VALUES ('114', 'Hard drive 10T', 'AST-000114', NULL, '7', '', '', '', NULL, NULL, 'received', '', '', 'storage', NULL, NULL, '1', NULL, NULL, 'Source: STORAGE sheet | Description: Reday | Imported quantity item 8 of 18 | Imported from ASSET (1).xlsx', NULL, '2026-03-12 04:03:50', '2026-03-12 04:03:50');
INSERT INTO `assets` (`id`, `name`, `tag`, `barcode`, `category_id`, `brand`, `model`, `serial_number`, `purchase_date`, `warranty_expiry`, `procurement_stage`, `vendor_name`, `invoice_number`, `status`, `archived_at`, `archive_reason`, `branch_id`, `assigned_employee_id`, `assigned_user_id`, `notes`, `image_path`, `created_at`, `updated_at`) VALUES ('115', 'Hard drive 10T', 'AST-000115', NULL, '7', '', '', '', NULL, NULL, 'received', '', '', 'storage', NULL, NULL, '1', NULL, NULL, 'Source: STORAGE sheet | Description: Reday | Imported quantity item 9 of 18 | Imported from ASSET (1).xlsx', NULL, '2026-03-12 04:03:50', '2026-03-12 04:03:50');
INSERT INTO `assets` (`id`, `name`, `tag`, `barcode`, `category_id`, `brand`, `model`, `serial_number`, `purchase_date`, `warranty_expiry`, `procurement_stage`, `vendor_name`, `invoice_number`, `status`, `archived_at`, `archive_reason`, `branch_id`, `assigned_employee_id`, `assigned_user_id`, `notes`, `image_path`, `created_at`, `updated_at`) VALUES ('116', 'Hard drive 10T', 'AST-000116', NULL, '7', '', '', '', NULL, NULL, 'received', '', '', 'storage', NULL, NULL, '1', NULL, NULL, 'Source: STORAGE sheet | Description: Reday | Imported quantity item 10 of 18 | Imported from ASSET (1).xlsx', NULL, '2026-03-12 04:03:50', '2026-03-12 04:03:50');
INSERT INTO `assets` (`id`, `name`, `tag`, `barcode`, `category_id`, `brand`, `model`, `serial_number`, `purchase_date`, `warranty_expiry`, `procurement_stage`, `vendor_name`, `invoice_number`, `status`, `archived_at`, `archive_reason`, `branch_id`, `assigned_employee_id`, `assigned_user_id`, `notes`, `image_path`, `created_at`, `updated_at`) VALUES ('117', 'Hard drive 10T', 'AST-000117', NULL, '7', '', '', '', NULL, NULL, 'received', '', '', 'storage', NULL, NULL, '1', NULL, NULL, 'Source: STORAGE sheet | Description: Reday | Imported quantity item 11 of 18 | Imported from ASSET (1).xlsx', NULL, '2026-03-12 04:03:50', '2026-03-12 04:03:50');
INSERT INTO `assets` (`id`, `name`, `tag`, `barcode`, `category_id`, `brand`, `model`, `serial_number`, `purchase_date`, `warranty_expiry`, `procurement_stage`, `vendor_name`, `invoice_number`, `status`, `archived_at`, `archive_reason`, `branch_id`, `assigned_employee_id`, `assigned_user_id`, `notes`, `image_path`, `created_at`, `updated_at`) VALUES ('118', 'Hard drive 10T', 'AST-000118', NULL, '7', '', '', '', NULL, NULL, 'received', '', '', 'storage', NULL, NULL, '1', NULL, NULL, 'Source: STORAGE sheet | Description: Reday | Imported quantity item 12 of 18 | Imported from ASSET (1).xlsx', NULL, '2026-03-12 04:03:50', '2026-03-12 04:03:50');
INSERT INTO `assets` (`id`, `name`, `tag`, `barcode`, `category_id`, `brand`, `model`, `serial_number`, `purchase_date`, `warranty_expiry`, `procurement_stage`, `vendor_name`, `invoice_number`, `status`, `archived_at`, `archive_reason`, `branch_id`, `assigned_employee_id`, `assigned_user_id`, `notes`, `image_path`, `created_at`, `updated_at`) VALUES ('119', 'Hard drive 10T', 'AST-000119', NULL, '7', '', '', '', NULL, NULL, 'received', '', '', 'storage', NULL, NULL, '1', NULL, NULL, 'Source: STORAGE sheet | Description: Reday | Imported quantity item 13 of 18 | Imported from ASSET (1).xlsx', NULL, '2026-03-12 04:03:50', '2026-03-12 04:03:50');
INSERT INTO `assets` (`id`, `name`, `tag`, `barcode`, `category_id`, `brand`, `model`, `serial_number`, `purchase_date`, `warranty_expiry`, `procurement_stage`, `vendor_name`, `invoice_number`, `status`, `archived_at`, `archive_reason`, `branch_id`, `assigned_employee_id`, `assigned_user_id`, `notes`, `image_path`, `created_at`, `updated_at`) VALUES ('120', 'Hard drive 10T', 'AST-000120', NULL, '7', '', '', '', NULL, NULL, 'received', '', '', 'storage', NULL, NULL, '1', NULL, NULL, 'Source: STORAGE sheet | Description: Reday | Imported quantity item 14 of 18 | Imported from ASSET (1).xlsx', NULL, '2026-03-12 04:03:50', '2026-03-12 04:03:50');
INSERT INTO `assets` (`id`, `name`, `tag`, `barcode`, `category_id`, `brand`, `model`, `serial_number`, `purchase_date`, `warranty_expiry`, `procurement_stage`, `vendor_name`, `invoice_number`, `status`, `archived_at`, `archive_reason`, `branch_id`, `assigned_employee_id`, `assigned_user_id`, `notes`, `image_path`, `created_at`, `updated_at`) VALUES ('121', 'Hard drive 10T', 'AST-000121', NULL, '7', '', '', '', NULL, NULL, 'received', '', '', 'storage', NULL, NULL, '1', NULL, NULL, 'Source: STORAGE sheet | Description: Reday | Imported quantity item 15 of 18 | Imported from ASSET (1).xlsx', NULL, '2026-03-12 04:03:50', '2026-03-12 04:03:50');
INSERT INTO `assets` (`id`, `name`, `tag`, `barcode`, `category_id`, `brand`, `model`, `serial_number`, `purchase_date`, `warranty_expiry`, `procurement_stage`, `vendor_name`, `invoice_number`, `status`, `archived_at`, `archive_reason`, `branch_id`, `assigned_employee_id`, `assigned_user_id`, `notes`, `image_path`, `created_at`, `updated_at`) VALUES ('122', 'Hard drive 10T', 'AST-000122', NULL, '7', '', '', '', NULL, NULL, 'received', '', '', 'storage', NULL, NULL, '1', NULL, NULL, 'Source: STORAGE sheet | Description: Reday | Imported quantity item 16 of 18 | Imported from ASSET (1).xlsx', NULL, '2026-03-12 04:03:50', '2026-03-12 04:03:50');
INSERT INTO `assets` (`id`, `name`, `tag`, `barcode`, `category_id`, `brand`, `model`, `serial_number`, `purchase_date`, `warranty_expiry`, `procurement_stage`, `vendor_name`, `invoice_number`, `status`, `archived_at`, `archive_reason`, `branch_id`, `assigned_employee_id`, `assigned_user_id`, `notes`, `image_path`, `created_at`, `updated_at`) VALUES ('123', 'Hard drive 10T', 'AST-000123', NULL, '7', '', '', '', NULL, NULL, 'received', '', '', 'storage', NULL, NULL, '1', NULL, NULL, 'Source: STORAGE sheet | Description: Reday | Imported quantity item 17 of 18 | Imported from ASSET (1).xlsx', NULL, '2026-03-12 04:03:50', '2026-03-12 04:03:50');
INSERT INTO `assets` (`id`, `name`, `tag`, `barcode`, `category_id`, `brand`, `model`, `serial_number`, `purchase_date`, `warranty_expiry`, `procurement_stage`, `vendor_name`, `invoice_number`, `status`, `archived_at`, `archive_reason`, `branch_id`, `assigned_employee_id`, `assigned_user_id`, `notes`, `image_path`, `created_at`, `updated_at`) VALUES ('124', 'Hard drive 10T', 'AST-000124', NULL, '7', '', '', '', NULL, NULL, 'received', '', '', 'storage', NULL, NULL, '1', NULL, NULL, 'Source: STORAGE sheet | Description: Reday | Imported quantity item 18 of 18 | Imported from ASSET (1).xlsx', NULL, '2026-03-12 04:03:50', '2026-03-12 04:03:50');
INSERT INTO `assets` (`id`, `name`, `tag`, `barcode`, `category_id`, `brand`, `model`, `serial_number`, `purchase_date`, `warranty_expiry`, `procurement_stage`, `vendor_name`, `invoice_number`, `status`, `archived_at`, `archive_reason`, `branch_id`, `assigned_employee_id`, `assigned_user_id`, `notes`, `image_path`, `created_at`, `updated_at`) VALUES ('125', 'Hard drive 8T', 'AST-000125', NULL, '7', '', '', '', NULL, NULL, 'received', '', '', 'storage', NULL, NULL, '1', NULL, NULL, 'Source: STORAGE sheet | Description: Reday | Imported quantity item 1 of 17 | Imported from ASSET (1).xlsx', NULL, '2026-03-12 04:03:50', '2026-03-12 04:03:50');
INSERT INTO `assets` (`id`, `name`, `tag`, `barcode`, `category_id`, `brand`, `model`, `serial_number`, `purchase_date`, `warranty_expiry`, `procurement_stage`, `vendor_name`, `invoice_number`, `status`, `archived_at`, `archive_reason`, `branch_id`, `assigned_employee_id`, `assigned_user_id`, `notes`, `image_path`, `created_at`, `updated_at`) VALUES ('126', 'Hard drive 8T', 'AST-000126', NULL, '7', '', '', '', NULL, NULL, 'received', '', '', 'storage', NULL, NULL, '1', NULL, NULL, 'Source: STORAGE sheet | Description: Reday | Imported quantity item 2 of 17 | Imported from ASSET (1).xlsx', NULL, '2026-03-12 04:03:50', '2026-03-12 04:03:50');
INSERT INTO `assets` (`id`, `name`, `tag`, `barcode`, `category_id`, `brand`, `model`, `serial_number`, `purchase_date`, `warranty_expiry`, `procurement_stage`, `vendor_name`, `invoice_number`, `status`, `archived_at`, `archive_reason`, `branch_id`, `assigned_employee_id`, `assigned_user_id`, `notes`, `image_path`, `created_at`, `updated_at`) VALUES ('127', 'Hard drive 8T', 'AST-000127', NULL, '7', '', '', '', NULL, NULL, 'received', '', '', 'storage', NULL, NULL, '1', NULL, NULL, 'Source: STORAGE sheet | Description: Reday | Imported quantity item 3 of 17 | Imported from ASSET (1).xlsx', NULL, '2026-03-12 04:03:50', '2026-03-12 04:03:50');
INSERT INTO `assets` (`id`, `name`, `tag`, `barcode`, `category_id`, `brand`, `model`, `serial_number`, `purchase_date`, `warranty_expiry`, `procurement_stage`, `vendor_name`, `invoice_number`, `status`, `archived_at`, `archive_reason`, `branch_id`, `assigned_employee_id`, `assigned_user_id`, `notes`, `image_path`, `created_at`, `updated_at`) VALUES ('128', 'Hard drive 8T', 'AST-000128', NULL, '7', '', '', '', NULL, NULL, 'received', '', '', 'storage', NULL, NULL, '1', NULL, NULL, 'Source: STORAGE sheet | Description: Reday | Imported quantity item 4 of 17 | Imported from ASSET (1).xlsx', NULL, '2026-03-12 04:03:50', '2026-03-12 04:03:50');
INSERT INTO `assets` (`id`, `name`, `tag`, `barcode`, `category_id`, `brand`, `model`, `serial_number`, `purchase_date`, `warranty_expiry`, `procurement_stage`, `vendor_name`, `invoice_number`, `status`, `archived_at`, `archive_reason`, `branch_id`, `assigned_employee_id`, `assigned_user_id`, `notes`, `image_path`, `created_at`, `updated_at`) VALUES ('129', 'Hard drive 8T', 'AST-000129', NULL, '7', '', '', '', NULL, NULL, 'received', '', '', 'storage', NULL, NULL, '1', NULL, NULL, 'Source: STORAGE sheet | Description: Reday | Imported quantity item 5 of 17 | Imported from ASSET (1).xlsx', NULL, '2026-03-12 04:03:50', '2026-03-12 04:03:50');
INSERT INTO `assets` (`id`, `name`, `tag`, `barcode`, `category_id`, `brand`, `model`, `serial_number`, `purchase_date`, `warranty_expiry`, `procurement_stage`, `vendor_name`, `invoice_number`, `status`, `archived_at`, `archive_reason`, `branch_id`, `assigned_employee_id`, `assigned_user_id`, `notes`, `image_path`, `created_at`, `updated_at`) VALUES ('130', 'Hard drive 8T', 'AST-000130', NULL, '7', '', '', '', NULL, NULL, 'received', '', '', 'storage', NULL, NULL, '1', NULL, NULL, 'Source: STORAGE sheet | Description: Reday | Imported quantity item 6 of 17 | Imported from ASSET (1).xlsx', NULL, '2026-03-12 04:03:50', '2026-03-12 04:03:50');
INSERT INTO `assets` (`id`, `name`, `tag`, `barcode`, `category_id`, `brand`, `model`, `serial_number`, `purchase_date`, `warranty_expiry`, `procurement_stage`, `vendor_name`, `invoice_number`, `status`, `archived_at`, `archive_reason`, `branch_id`, `assigned_employee_id`, `assigned_user_id`, `notes`, `image_path`, `created_at`, `updated_at`) VALUES ('131', 'Hard drive 8T', 'AST-000131', NULL, '7', '', '', '', NULL, NULL, 'received', '', '', 'storage', NULL, NULL, '1', NULL, NULL, 'Source: STORAGE sheet | Description: Reday | Imported quantity item 7 of 17 | Imported from ASSET (1).xlsx', NULL, '2026-03-12 04:03:50', '2026-03-12 04:03:50');
INSERT INTO `assets` (`id`, `name`, `tag`, `barcode`, `category_id`, `brand`, `model`, `serial_number`, `purchase_date`, `warranty_expiry`, `procurement_stage`, `vendor_name`, `invoice_number`, `status`, `archived_at`, `archive_reason`, `branch_id`, `assigned_employee_id`, `assigned_user_id`, `notes`, `image_path`, `created_at`, `updated_at`) VALUES ('132', 'Hard drive 8T', 'AST-000132', NULL, '7', '', '', '', NULL, NULL, 'received', '', '', 'storage', NULL, NULL, '1', NULL, NULL, 'Source: STORAGE sheet | Description: Reday | Imported quantity item 8 of 17 | Imported from ASSET (1).xlsx', NULL, '2026-03-12 04:03:50', '2026-03-12 04:03:50');
INSERT INTO `assets` (`id`, `name`, `tag`, `barcode`, `category_id`, `brand`, `model`, `serial_number`, `purchase_date`, `warranty_expiry`, `procurement_stage`, `vendor_name`, `invoice_number`, `status`, `archived_at`, `archive_reason`, `branch_id`, `assigned_employee_id`, `assigned_user_id`, `notes`, `image_path`, `created_at`, `updated_at`) VALUES ('133', 'Hard drive 8T', 'AST-000133', NULL, '7', '', '', '', NULL, NULL, 'received', '', '', 'storage', NULL, NULL, '1', NULL, NULL, 'Source: STORAGE sheet | Description: Reday | Imported quantity item 9 of 17 | Imported from ASSET (1).xlsx', NULL, '2026-03-12 04:03:50', '2026-03-12 04:03:50');
INSERT INTO `assets` (`id`, `name`, `tag`, `barcode`, `category_id`, `brand`, `model`, `serial_number`, `purchase_date`, `warranty_expiry`, `procurement_stage`, `vendor_name`, `invoice_number`, `status`, `archived_at`, `archive_reason`, `branch_id`, `assigned_employee_id`, `assigned_user_id`, `notes`, `image_path`, `created_at`, `updated_at`) VALUES ('134', 'Hard drive 8T', 'AST-000134', NULL, '7', '', '', '', NULL, NULL, 'received', '', '', 'storage', NULL, NULL, '1', NULL, NULL, 'Source: STORAGE sheet | Description: Reday | Imported quantity item 10 of 17 | Imported from ASSET (1).xlsx', NULL, '2026-03-12 04:03:50', '2026-03-12 04:03:50');
INSERT INTO `assets` (`id`, `name`, `tag`, `barcode`, `category_id`, `brand`, `model`, `serial_number`, `purchase_date`, `warranty_expiry`, `procurement_stage`, `vendor_name`, `invoice_number`, `status`, `archived_at`, `archive_reason`, `branch_id`, `assigned_employee_id`, `assigned_user_id`, `notes`, `image_path`, `created_at`, `updated_at`) VALUES ('135', 'Hard drive 8T', 'AST-000135', NULL, '7', '', '', '', NULL, NULL, 'received', '', '', 'storage', NULL, NULL, '1', NULL, NULL, 'Source: STORAGE sheet | Description: Reday | Imported quantity item 11 of 17 | Imported from ASSET (1).xlsx', NULL, '2026-03-12 04:03:50', '2026-03-12 04:03:50');
INSERT INTO `assets` (`id`, `name`, `tag`, `barcode`, `category_id`, `brand`, `model`, `serial_number`, `purchase_date`, `warranty_expiry`, `procurement_stage`, `vendor_name`, `invoice_number`, `status`, `archived_at`, `archive_reason`, `branch_id`, `assigned_employee_id`, `assigned_user_id`, `notes`, `image_path`, `created_at`, `updated_at`) VALUES ('136', 'Hard drive 8T', 'AST-000136', NULL, '7', '', '', '', NULL, NULL, 'received', '', '', 'storage', NULL, NULL, '1', NULL, NULL, 'Source: STORAGE sheet | Description: Reday | Imported quantity item 12 of 17 | Imported from ASSET (1).xlsx', NULL, '2026-03-12 04:03:50', '2026-03-12 04:03:50');
INSERT INTO `assets` (`id`, `name`, `tag`, `barcode`, `category_id`, `brand`, `model`, `serial_number`, `purchase_date`, `warranty_expiry`, `procurement_stage`, `vendor_name`, `invoice_number`, `status`, `archived_at`, `archive_reason`, `branch_id`, `assigned_employee_id`, `assigned_user_id`, `notes`, `image_path`, `created_at`, `updated_at`) VALUES ('137', 'Hard drive 8T', 'AST-000137', NULL, '7', '', '', '', NULL, NULL, 'received', '', '', 'storage', NULL, NULL, '1', NULL, NULL, 'Source: STORAGE sheet | Description: Reday | Imported quantity item 13 of 17 | Imported from ASSET (1).xlsx', NULL, '2026-03-12 04:03:50', '2026-03-12 04:03:50');
INSERT INTO `assets` (`id`, `name`, `tag`, `barcode`, `category_id`, `brand`, `model`, `serial_number`, `purchase_date`, `warranty_expiry`, `procurement_stage`, `vendor_name`, `invoice_number`, `status`, `archived_at`, `archive_reason`, `branch_id`, `assigned_employee_id`, `assigned_user_id`, `notes`, `image_path`, `created_at`, `updated_at`) VALUES ('138', 'Hard drive 8T', 'AST-000138', NULL, '7', '', '', '', NULL, NULL, 'received', '', '', 'storage', NULL, NULL, '1', NULL, NULL, 'Source: STORAGE sheet | Description: Reday | Imported quantity item 14 of 17 | Imported from ASSET (1).xlsx', NULL, '2026-03-12 04:03:50', '2026-03-12 04:03:50');
INSERT INTO `assets` (`id`, `name`, `tag`, `barcode`, `category_id`, `brand`, `model`, `serial_number`, `purchase_date`, `warranty_expiry`, `procurement_stage`, `vendor_name`, `invoice_number`, `status`, `archived_at`, `archive_reason`, `branch_id`, `assigned_employee_id`, `assigned_user_id`, `notes`, `image_path`, `created_at`, `updated_at`) VALUES ('139', 'Hard drive 8T', 'AST-000139', NULL, '7', '', '', '', NULL, NULL, 'received', '', '', 'storage', NULL, NULL, '1', NULL, NULL, 'Source: STORAGE sheet | Description: Reday | Imported quantity item 15 of 17 | Imported from ASSET (1).xlsx', NULL, '2026-03-12 04:03:50', '2026-03-12 04:03:50');
INSERT INTO `assets` (`id`, `name`, `tag`, `barcode`, `category_id`, `brand`, `model`, `serial_number`, `purchase_date`, `warranty_expiry`, `procurement_stage`, `vendor_name`, `invoice_number`, `status`, `archived_at`, `archive_reason`, `branch_id`, `assigned_employee_id`, `assigned_user_id`, `notes`, `image_path`, `created_at`, `updated_at`) VALUES ('140', 'Hard drive 8T', 'AST-000140', NULL, '7', '', '', '', NULL, NULL, 'received', '', '', 'storage', NULL, NULL, '1', NULL, NULL, 'Source: STORAGE sheet | Description: Reday | Imported quantity item 16 of 17 | Imported from ASSET (1).xlsx', NULL, '2026-03-12 04:03:50', '2026-03-12 04:03:50');
INSERT INTO `assets` (`id`, `name`, `tag`, `barcode`, `category_id`, `brand`, `model`, `serial_number`, `purchase_date`, `warranty_expiry`, `procurement_stage`, `vendor_name`, `invoice_number`, `status`, `archived_at`, `archive_reason`, `branch_id`, `assigned_employee_id`, `assigned_user_id`, `notes`, `image_path`, `created_at`, `updated_at`) VALUES ('141', 'Hard drive 8T', 'AST-000141', NULL, '7', '', '', '', NULL, NULL, 'received', '', '', 'storage', NULL, NULL, '1', NULL, NULL, 'Source: STORAGE sheet | Description: Reday | Imported quantity item 17 of 17 | Imported from ASSET (1).xlsx', NULL, '2026-03-12 04:03:50', '2026-03-12 04:03:50');
INSERT INTO `assets` (`id`, `name`, `tag`, `barcode`, `category_id`, `brand`, `model`, `serial_number`, `purchase_date`, `warranty_expiry`, `procurement_stage`, `vendor_name`, `invoice_number`, `status`, `archived_at`, `archive_reason`, `branch_id`, `assigned_employee_id`, `assigned_user_id`, `notes`, `image_path`, `created_at`, `updated_at`) VALUES ('142', 'Hard drive 4T', 'AST-000142', NULL, '7', '', '', '', NULL, NULL, 'received', '', '', 'storage', NULL, NULL, '1', NULL, NULL, 'Source: STORAGE sheet | Description: Reday | Imported quantity item 1 of 1 | Imported from ASSET (1).xlsx', NULL, '2026-03-12 04:03:50', '2026-03-12 04:03:50');
INSERT INTO `assets` (`id`, `name`, `tag`, `barcode`, `category_id`, `brand`, `model`, `serial_number`, `purchase_date`, `warranty_expiry`, `procurement_stage`, `vendor_name`, `invoice_number`, `status`, `archived_at`, `archive_reason`, `branch_id`, `assigned_employee_id`, `assigned_user_id`, `notes`, `image_path`, `created_at`, `updated_at`) VALUES ('143', 'Mimosa C5c', 'AST-000143', NULL, '3', '', '', '', NULL, NULL, 'received', '', '', 'storage', NULL, NULL, '1', NULL, NULL, 'Source: STORAGE sheet | Description: Reday | Imported quantity item 1 of 2 | Imported from ASSET (1).xlsx', NULL, '2026-03-12 04:03:50', '2026-03-12 04:03:50');
INSERT INTO `assets` (`id`, `name`, `tag`, `barcode`, `category_id`, `brand`, `model`, `serial_number`, `purchase_date`, `warranty_expiry`, `procurement_stage`, `vendor_name`, `invoice_number`, `status`, `archived_at`, `archive_reason`, `branch_id`, `assigned_employee_id`, `assigned_user_id`, `notes`, `image_path`, `created_at`, `updated_at`) VALUES ('144', 'Mimosa C5c', 'AST-000144', NULL, '3', '', '', '', NULL, NULL, 'received', '', '', 'storage', NULL, NULL, '1', NULL, NULL, 'Source: STORAGE sheet | Description: Reday | Imported quantity item 2 of 2 | Imported from ASSET (1).xlsx', NULL, '2026-03-12 04:03:50', '2026-03-12 04:03:50');
INSERT INTO `assets` (`id`, `name`, `tag`, `barcode`, `category_id`, `brand`, `model`, `serial_number`, `purchase_date`, `warranty_expiry`, `procurement_stage`, `vendor_name`, `invoice_number`, `status`, `archived_at`, `archive_reason`, `branch_id`, `assigned_employee_id`, `assigned_user_id`, `notes`, `image_path`, `created_at`, `updated_at`) VALUES ('145', 'Mikrotik routerboard Basebox', 'AST-000145', NULL, '3', '', '', '', NULL, NULL, 'received', '', '', 'storage', NULL, NULL, '1', NULL, NULL, 'Source: STORAGE sheet | Description: Reday | Imported quantity item 1 of 1 | Imported from ASSET (1).xlsx', NULL, '2026-03-12 04:03:50', '2026-03-12 04:03:50');
INSERT INTO `assets` (`id`, `name`, `tag`, `barcode`, `category_id`, `brand`, `model`, `serial_number`, `purchase_date`, `warranty_expiry`, `procurement_stage`, `vendor_name`, `invoice_number`, `status`, `archived_at`, `archive_reason`, `branch_id`, `assigned_employee_id`, `assigned_user_id`, `notes`, `image_path`, `created_at`, `updated_at`) VALUES ('146', 'Mikrotik routerboard RB3011 Series', 'AST-000146', NULL, '3', '', '', '', NULL, NULL, 'received', '', '', 'storage', NULL, NULL, '1', NULL, NULL, 'Source: STORAGE sheet | Description: Reday | Imported quantity item 1 of 1 | Imported from ASSET (1).xlsx', NULL, '2026-03-12 04:03:50', '2026-03-12 04:03:50');
INSERT INTO `assets` (`id`, `name`, `tag`, `barcode`, `category_id`, `brand`, `model`, `serial_number`, `purchase_date`, `warranty_expiry`, `procurement_stage`, `vendor_name`, `invoice_number`, `status`, `archived_at`, `archive_reason`, `branch_id`, `assigned_employee_id`, `assigned_user_id`, `notes`, `image_path`, `created_at`, `updated_at`) VALUES ('147', 'firewall fortinet', 'AST-000147', NULL, '12', '', '', '', NULL, NULL, 'received', '', '', 'storage', NULL, NULL, '1', NULL, NULL, 'Source: STORAGE sheet | Description: Reday | Imported quantity item 1 of 1 | Imported from ASSET (1).xlsx', NULL, '2026-03-12 04:03:50', '2026-03-12 04:03:50');
INSERT INTO `assets` (`id`, `name`, `tag`, `barcode`, `category_id`, `brand`, `model`, `serial_number`, `purchase_date`, `warranty_expiry`, `procurement_stage`, `vendor_name`, `invoice_number`, `status`, `archived_at`, `archive_reason`, `branch_id`, `assigned_employee_id`, `assigned_user_id`, `notes`, `image_path`, `created_at`, `updated_at`) VALUES ('148', 'Zk iface 950', 'AST-000148', NULL, '18', '', '', '', NULL, NULL, 'received', '', '', 'storage', NULL, NULL, '1', NULL, NULL, 'Source: STORAGE sheet | Description: Reday | Imported quantity item 1 of 1 | Imported from ASSET (1).xlsx', NULL, '2026-03-12 04:03:50', '2026-03-12 04:03:50');
INSERT INTO `assets` (`id`, `name`, `tag`, `barcode`, `category_id`, `brand`, `model`, `serial_number`, `purchase_date`, `warranty_expiry`, `procurement_stage`, `vendor_name`, `invoice_number`, `status`, `archived_at`, `archive_reason`, `branch_id`, `assigned_employee_id`, `assigned_user_id`, `notes`, `image_path`, `created_at`, `updated_at`) VALUES ('149', 'Zk iface 1000', 'AST-000149', NULL, '18', 'Zk', 'face 1000', '', NULL, NULL, 'deployed', '', '', 'active', NULL, NULL, '5', NULL, NULL, 'Source: STORAGE sheet | Description: Reday | Imported quantity item 1 of 1 | Imported from ASSET (1).xlsx', NULL, '2026-03-12 04:24:16', '2026-03-12 04:24:16');
INSERT INTO `assets` (`id`, `name`, `tag`, `barcode`, `category_id`, `brand`, `model`, `serial_number`, `purchase_date`, `warranty_expiry`, `procurement_stage`, `vendor_name`, `invoice_number`, `status`, `archived_at`, `archive_reason`, `branch_id`, `assigned_employee_id`, `assigned_user_id`, `notes`, `image_path`, `created_at`, `updated_at`) VALUES ('150', 'logitech kit', 'AST-000150', NULL, '9', '', '', '', NULL, NULL, 'received', '', '', 'storage', NULL, NULL, '1', NULL, NULL, 'Source: STORAGE sheet | Description: Reday | Imported quantity item 1 of 3 | Imported from ASSET (1).xlsx', NULL, '2026-03-12 04:03:50', '2026-03-12 04:03:50');
INSERT INTO `assets` (`id`, `name`, `tag`, `barcode`, `category_id`, `brand`, `model`, `serial_number`, `purchase_date`, `warranty_expiry`, `procurement_stage`, `vendor_name`, `invoice_number`, `status`, `archived_at`, `archive_reason`, `branch_id`, `assigned_employee_id`, `assigned_user_id`, `notes`, `image_path`, `created_at`, `updated_at`) VALUES ('151', 'logitech kit', 'AST-000151', NULL, '9', '', '', '', NULL, NULL, 'received', '', '', 'storage', NULL, NULL, '1', NULL, NULL, 'Source: STORAGE sheet | Description: Reday | Imported quantity item 2 of 3 | Imported from ASSET (1).xlsx', NULL, '2026-03-12 04:03:50', '2026-03-12 04:03:50');
INSERT INTO `assets` (`id`, `name`, `tag`, `barcode`, `category_id`, `brand`, `model`, `serial_number`, `purchase_date`, `warranty_expiry`, `procurement_stage`, `vendor_name`, `invoice_number`, `status`, `archived_at`, `archive_reason`, `branch_id`, `assigned_employee_id`, `assigned_user_id`, `notes`, `image_path`, `created_at`, `updated_at`) VALUES ('152', 'logitech kit', 'AST-000152', NULL, '9', '', '', '', NULL, NULL, 'received', '', '', 'storage', NULL, NULL, '1', NULL, NULL, 'Source: STORAGE sheet | Description: Reday | Imported quantity item 3 of 3 | Imported from ASSET (1).xlsx', NULL, '2026-03-12 04:03:50', '2026-03-12 04:03:50');
INSERT INTO `assets` (`id`, `name`, `tag`, `barcode`, `category_id`, `brand`, `model`, `serial_number`, `purchase_date`, `warranty_expiry`, `procurement_stage`, `vendor_name`, `invoice_number`, `status`, `archived_at`, `archive_reason`, `branch_id`, `assigned_employee_id`, `assigned_user_id`, `notes`, `image_path`, `created_at`, `updated_at`) VALUES ('153', 'Onv-POE33028F', 'AST-000153', NULL, '14', '', '', '', NULL, NULL, 'received', '', '', 'storage', NULL, NULL, '1', NULL, NULL, 'Source: STORAGE sheet | Description: Reday | Imported quantity item 1 of 2 | Imported from ASSET (1).xlsx', NULL, '2026-03-12 04:03:50', '2026-03-12 04:03:50');
INSERT INTO `assets` (`id`, `name`, `tag`, `barcode`, `category_id`, `brand`, `model`, `serial_number`, `purchase_date`, `warranty_expiry`, `procurement_stage`, `vendor_name`, `invoice_number`, `status`, `archived_at`, `archive_reason`, `branch_id`, `assigned_employee_id`, `assigned_user_id`, `notes`, `image_path`, `created_at`, `updated_at`) VALUES ('154', 'Onv-POE33028F', 'AST-000154', NULL, '14', '', '', '', NULL, NULL, 'received', '', '', 'storage', NULL, NULL, '1', NULL, NULL, 'Source: STORAGE sheet | Description: Reday | Imported quantity item 2 of 2 | Imported from ASSET (1).xlsx', NULL, '2026-03-12 04:03:50', '2026-03-12 04:03:50');
INSERT INTO `assets` (`id`, `name`, `tag`, `barcode`, `category_id`, `brand`, `model`, `serial_number`, `purchase_date`, `warranty_expiry`, `procurement_stage`, `vendor_name`, `invoice_number`, `status`, `archived_at`, `archive_reason`, `branch_id`, `assigned_employee_id`, `assigned_user_id`, `notes`, `image_path`, `created_at`, `updated_at`) VALUES ('155', 'onv-H1108PL', 'AST-000155', NULL, '14', '', '', '', NULL, NULL, 'received', '', '', 'storage', NULL, NULL, '1', NULL, NULL, 'Source: STORAGE sheet | Description: Reday | Imported quantity item 1 of 1 | Imported from ASSET (1).xlsx', NULL, '2026-03-12 04:03:50', '2026-03-12 04:03:50');
INSERT INTO `assets` (`id`, `name`, `tag`, `barcode`, `category_id`, `brand`, `model`, `serial_number`, `purchase_date`, `warranty_expiry`, `procurement_stage`, `vendor_name`, `invoice_number`, `status`, `archived_at`, `archive_reason`, `branch_id`, `assigned_employee_id`, `assigned_user_id`, `notes`, `image_path`, `created_at`, `updated_at`) VALUES ('156', 'Microtik RB4011iGS', 'AST-000156', NULL, '20', '', '', '', NULL, NULL, 'received', '', '', 'active', NULL, NULL, '6', NULL, NULL, 'Source: STORAGE sheet | Description: Reday | Imported quantity item 1 of 1 | Imported from ASSET (1).xlsx', NULL, '2026-03-12 04:58:51', '2026-03-12 04:58:51');
INSERT INTO `assets` (`id`, `name`, `tag`, `barcode`, `category_id`, `brand`, `model`, `serial_number`, `purchase_date`, `warranty_expiry`, `procurement_stage`, `vendor_name`, `invoice_number`, `status`, `archived_at`, `archive_reason`, `branch_id`, `assigned_employee_id`, `assigned_user_id`, `notes`, `image_path`, `created_at`, `updated_at`) VALUES ('157', 'Microtik CRS326-24G', 'AST-000157', NULL, '8', '', '', '', NULL, NULL, 'received', '', '', 'storage', NULL, NULL, '1', NULL, NULL, 'Source: STORAGE sheet | Description: Reday | Imported quantity item 1 of 1 | Imported from ASSET (1).xlsx', NULL, '2026-03-12 04:03:50', '2026-03-12 04:03:50');
INSERT INTO `assets` (`id`, `name`, `tag`, `barcode`, `category_id`, `brand`, `model`, `serial_number`, `purchase_date`, `warranty_expiry`, `procurement_stage`, `vendor_name`, `invoice_number`, `status`, `archived_at`, `archive_reason`, `branch_id`, `assigned_employee_id`, `assigned_user_id`, `notes`, `image_path`, `created_at`, `updated_at`) VALUES ('158', 'Dlhua', 'AST-000158', NULL, '10', '', '', '', NULL, NULL, 'received', '', '', 'storage', NULL, NULL, '1', NULL, NULL, 'Source: STORAGE sheet | Description: Reday | Imported quantity item 1 of 2 | Imported from ASSET (1).xlsx', NULL, '2026-03-12 04:03:50', '2026-03-12 04:03:50');
INSERT INTO `assets` (`id`, `name`, `tag`, `barcode`, `category_id`, `brand`, `model`, `serial_number`, `purchase_date`, `warranty_expiry`, `procurement_stage`, `vendor_name`, `invoice_number`, `status`, `archived_at`, `archive_reason`, `branch_id`, `assigned_employee_id`, `assigned_user_id`, `notes`, `image_path`, `created_at`, `updated_at`) VALUES ('159', 'Dlhua', 'AST-000159', NULL, '10', '', '', '', NULL, NULL, 'received', '', '', 'storage', NULL, NULL, '1', NULL, NULL, 'Source: STORAGE sheet | Description: Reday | Imported quantity item 2 of 2 | Imported from ASSET (1).xlsx', NULL, '2026-03-12 04:03:50', '2026-03-12 04:03:50');
INSERT INTO `assets` (`id`, `name`, `tag`, `barcode`, `category_id`, `brand`, `model`, `serial_number`, `purchase_date`, `warranty_expiry`, `procurement_stage`, `vendor_name`, `invoice_number`, `status`, `archived_at`, `archive_reason`, `branch_id`, `assigned_employee_id`, `assigned_user_id`, `notes`, `image_path`, `created_at`, `updated_at`) VALUES ('160', 'UNV', 'AST-000160', NULL, '10', '', '', '', NULL, NULL, 'received', '', '', 'storage', NULL, NULL, '1', NULL, NULL, 'Source: STORAGE sheet | Description: Reday | Imported quantity item 1 of 1 | Imported from ASSET (1).xlsx', NULL, '2026-03-12 04:03:50', '2026-03-12 04:03:50');
INSERT INTO `assets` (`id`, `name`, `tag`, `barcode`, `category_id`, `brand`, `model`, `serial_number`, `purchase_date`, `warranty_expiry`, `procurement_stage`, `vendor_name`, `invoice_number`, `status`, `archived_at`, `archive_reason`, `branch_id`, `assigned_employee_id`, `assigned_user_id`, `notes`, `image_path`, `created_at`, `updated_at`) VALUES ('161', 'hikvision', 'AST-000161', NULL, '5', '', '', '', NULL, NULL, 'received', '', '', 'storage', NULL, NULL, '1', NULL, NULL, 'Source: CAMERA sheet | Description: Reday | Imported quantity item 1 of 21 | Imported from ASSET (1).xlsx', NULL, '2026-03-12 04:03:50', '2026-03-12 04:03:50');
INSERT INTO `assets` (`id`, `name`, `tag`, `barcode`, `category_id`, `brand`, `model`, `serial_number`, `purchase_date`, `warranty_expiry`, `procurement_stage`, `vendor_name`, `invoice_number`, `status`, `archived_at`, `archive_reason`, `branch_id`, `assigned_employee_id`, `assigned_user_id`, `notes`, `image_path`, `created_at`, `updated_at`) VALUES ('162', 'hikvision', 'AST-000162', NULL, '5', '', '', '', NULL, NULL, 'received', '', '', 'storage', NULL, NULL, '1', NULL, NULL, 'Source: CAMERA sheet | Description: Reday | Imported quantity item 2 of 21 | Imported from ASSET (1).xlsx', NULL, '2026-03-12 04:03:50', '2026-03-12 04:03:50');
INSERT INTO `assets` (`id`, `name`, `tag`, `barcode`, `category_id`, `brand`, `model`, `serial_number`, `purchase_date`, `warranty_expiry`, `procurement_stage`, `vendor_name`, `invoice_number`, `status`, `archived_at`, `archive_reason`, `branch_id`, `assigned_employee_id`, `assigned_user_id`, `notes`, `image_path`, `created_at`, `updated_at`) VALUES ('163', 'hikvision', 'AST-000163', NULL, '5', '', '', '', NULL, NULL, 'received', '', '', 'storage', NULL, NULL, '1', NULL, NULL, 'Source: CAMERA sheet | Description: Reday | Imported quantity item 3 of 21 | Imported from ASSET (1).xlsx', NULL, '2026-03-12 04:03:50', '2026-03-12 04:03:50');
INSERT INTO `assets` (`id`, `name`, `tag`, `barcode`, `category_id`, `brand`, `model`, `serial_number`, `purchase_date`, `warranty_expiry`, `procurement_stage`, `vendor_name`, `invoice_number`, `status`, `archived_at`, `archive_reason`, `branch_id`, `assigned_employee_id`, `assigned_user_id`, `notes`, `image_path`, `created_at`, `updated_at`) VALUES ('164', 'hikvision', 'AST-000164', NULL, '5', '', '', '', NULL, NULL, 'received', '', '', 'storage', NULL, NULL, '1', NULL, NULL, 'Source: CAMERA sheet | Description: Reday | Imported quantity item 4 of 21 | Imported from ASSET (1).xlsx', NULL, '2026-03-12 04:03:50', '2026-03-12 04:03:50');
INSERT INTO `assets` (`id`, `name`, `tag`, `barcode`, `category_id`, `brand`, `model`, `serial_number`, `purchase_date`, `warranty_expiry`, `procurement_stage`, `vendor_name`, `invoice_number`, `status`, `archived_at`, `archive_reason`, `branch_id`, `assigned_employee_id`, `assigned_user_id`, `notes`, `image_path`, `created_at`, `updated_at`) VALUES ('165', 'hikvision', 'AST-000165', NULL, '5', '', '', '', NULL, NULL, 'received', '', '', 'storage', NULL, NULL, '1', NULL, NULL, 'Source: CAMERA sheet | Description: Reday | Imported quantity item 5 of 21 | Imported from ASSET (1).xlsx', NULL, '2026-03-12 04:03:50', '2026-03-12 04:03:50');
INSERT INTO `assets` (`id`, `name`, `tag`, `barcode`, `category_id`, `brand`, `model`, `serial_number`, `purchase_date`, `warranty_expiry`, `procurement_stage`, `vendor_name`, `invoice_number`, `status`, `archived_at`, `archive_reason`, `branch_id`, `assigned_employee_id`, `assigned_user_id`, `notes`, `image_path`, `created_at`, `updated_at`) VALUES ('166', 'hikvision', 'AST-000166', NULL, '5', '', '', '', NULL, NULL, 'received', '', '', 'storage', NULL, NULL, '1', NULL, NULL, 'Source: CAMERA sheet | Description: Reday | Imported quantity item 6 of 21 | Imported from ASSET (1).xlsx', NULL, '2026-03-12 04:03:50', '2026-03-12 04:03:50');
INSERT INTO `assets` (`id`, `name`, `tag`, `barcode`, `category_id`, `brand`, `model`, `serial_number`, `purchase_date`, `warranty_expiry`, `procurement_stage`, `vendor_name`, `invoice_number`, `status`, `archived_at`, `archive_reason`, `branch_id`, `assigned_employee_id`, `assigned_user_id`, `notes`, `image_path`, `created_at`, `updated_at`) VALUES ('167', 'hikvision', 'AST-000167', NULL, '5', '', '', '', NULL, NULL, 'received', '', '', 'storage', NULL, NULL, '1', NULL, NULL, 'Source: CAMERA sheet | Description: Reday | Imported quantity item 7 of 21 | Imported from ASSET (1).xlsx', NULL, '2026-03-12 04:03:50', '2026-03-12 04:03:50');
INSERT INTO `assets` (`id`, `name`, `tag`, `barcode`, `category_id`, `brand`, `model`, `serial_number`, `purchase_date`, `warranty_expiry`, `procurement_stage`, `vendor_name`, `invoice_number`, `status`, `archived_at`, `archive_reason`, `branch_id`, `assigned_employee_id`, `assigned_user_id`, `notes`, `image_path`, `created_at`, `updated_at`) VALUES ('168', 'hikvision', 'AST-000168', NULL, '5', '', '', '', NULL, NULL, 'received', '', '', 'storage', NULL, NULL, '1', NULL, NULL, 'Source: CAMERA sheet | Description: Reday | Imported quantity item 8 of 21 | Imported from ASSET (1).xlsx', NULL, '2026-03-12 04:03:50', '2026-03-12 04:03:50');
INSERT INTO `assets` (`id`, `name`, `tag`, `barcode`, `category_id`, `brand`, `model`, `serial_number`, `purchase_date`, `warranty_expiry`, `procurement_stage`, `vendor_name`, `invoice_number`, `status`, `archived_at`, `archive_reason`, `branch_id`, `assigned_employee_id`, `assigned_user_id`, `notes`, `image_path`, `created_at`, `updated_at`) VALUES ('169', 'hikvision', 'AST-000169', NULL, '5', '', '', '', NULL, NULL, 'received', '', '', 'storage', NULL, NULL, '1', NULL, NULL, 'Source: CAMERA sheet | Description: Reday | Imported quantity item 9 of 21 | Imported from ASSET (1).xlsx', NULL, '2026-03-12 04:03:50', '2026-03-12 04:03:50');
INSERT INTO `assets` (`id`, `name`, `tag`, `barcode`, `category_id`, `brand`, `model`, `serial_number`, `purchase_date`, `warranty_expiry`, `procurement_stage`, `vendor_name`, `invoice_number`, `status`, `archived_at`, `archive_reason`, `branch_id`, `assigned_employee_id`, `assigned_user_id`, `notes`, `image_path`, `created_at`, `updated_at`) VALUES ('170', 'hikvision', 'AST-000170', NULL, '5', '', '', '', NULL, NULL, 'received', '', '', 'storage', NULL, NULL, '1', NULL, NULL, 'Source: CAMERA sheet | Description: Reday | Imported quantity item 10 of 21 | Imported from ASSET (1).xlsx', NULL, '2026-03-12 04:03:50', '2026-03-12 04:03:50');
INSERT INTO `assets` (`id`, `name`, `tag`, `barcode`, `category_id`, `brand`, `model`, `serial_number`, `purchase_date`, `warranty_expiry`, `procurement_stage`, `vendor_name`, `invoice_number`, `status`, `archived_at`, `archive_reason`, `branch_id`, `assigned_employee_id`, `assigned_user_id`, `notes`, `image_path`, `created_at`, `updated_at`) VALUES ('171', 'hikvision', 'AST-000171', NULL, '5', '', '', '', NULL, NULL, 'received', '', '', 'storage', NULL, NULL, '1', NULL, NULL, 'Source: CAMERA sheet | Description: Reday | Imported quantity item 11 of 21 | Imported from ASSET (1).xlsx', NULL, '2026-03-12 04:03:50', '2026-03-12 04:03:50');
INSERT INTO `assets` (`id`, `name`, `tag`, `barcode`, `category_id`, `brand`, `model`, `serial_number`, `purchase_date`, `warranty_expiry`, `procurement_stage`, `vendor_name`, `invoice_number`, `status`, `archived_at`, `archive_reason`, `branch_id`, `assigned_employee_id`, `assigned_user_id`, `notes`, `image_path`, `created_at`, `updated_at`) VALUES ('172', 'hikvision', 'AST-000172', NULL, '5', '', '', '', NULL, NULL, 'received', '', '', 'storage', NULL, NULL, '1', NULL, NULL, 'Source: CAMERA sheet | Description: Reday | Imported quantity item 12 of 21 | Imported from ASSET (1).xlsx', NULL, '2026-03-12 04:03:50', '2026-03-12 04:03:50');
INSERT INTO `assets` (`id`, `name`, `tag`, `barcode`, `category_id`, `brand`, `model`, `serial_number`, `purchase_date`, `warranty_expiry`, `procurement_stage`, `vendor_name`, `invoice_number`, `status`, `archived_at`, `archive_reason`, `branch_id`, `assigned_employee_id`, `assigned_user_id`, `notes`, `image_path`, `created_at`, `updated_at`) VALUES ('173', 'hikvision', 'AST-000173', NULL, '5', '', '', '', NULL, NULL, 'received', '', '', 'storage', NULL, NULL, '1', NULL, NULL, 'Source: CAMERA sheet | Description: Reday | Imported quantity item 13 of 21 | Imported from ASSET (1).xlsx', NULL, '2026-03-12 04:03:50', '2026-03-12 04:03:50');
INSERT INTO `assets` (`id`, `name`, `tag`, `barcode`, `category_id`, `brand`, `model`, `serial_number`, `purchase_date`, `warranty_expiry`, `procurement_stage`, `vendor_name`, `invoice_number`, `status`, `archived_at`, `archive_reason`, `branch_id`, `assigned_employee_id`, `assigned_user_id`, `notes`, `image_path`, `created_at`, `updated_at`) VALUES ('174', 'hikvision', 'AST-000174', NULL, '5', '', '', '', NULL, NULL, 'received', '', '', 'storage', NULL, NULL, '1', NULL, NULL, 'Source: CAMERA sheet | Description: Reday | Imported quantity item 14 of 21 | Imported from ASSET (1).xlsx', NULL, '2026-03-12 04:03:50', '2026-03-12 04:03:50');
INSERT INTO `assets` (`id`, `name`, `tag`, `barcode`, `category_id`, `brand`, `model`, `serial_number`, `purchase_date`, `warranty_expiry`, `procurement_stage`, `vendor_name`, `invoice_number`, `status`, `archived_at`, `archive_reason`, `branch_id`, `assigned_employee_id`, `assigned_user_id`, `notes`, `image_path`, `created_at`, `updated_at`) VALUES ('175', 'hikvision', 'AST-000175', NULL, '5', '', '', '', NULL, NULL, 'received', '', '', 'storage', NULL, NULL, '1', NULL, NULL, 'Source: CAMERA sheet | Description: Reday | Imported quantity item 15 of 21 | Imported from ASSET (1).xlsx', NULL, '2026-03-12 04:03:50', '2026-03-12 04:03:50');
INSERT INTO `assets` (`id`, `name`, `tag`, `barcode`, `category_id`, `brand`, `model`, `serial_number`, `purchase_date`, `warranty_expiry`, `procurement_stage`, `vendor_name`, `invoice_number`, `status`, `archived_at`, `archive_reason`, `branch_id`, `assigned_employee_id`, `assigned_user_id`, `notes`, `image_path`, `created_at`, `updated_at`) VALUES ('176', 'hikvision', 'AST-000176', NULL, '5', '', '', '', NULL, NULL, 'received', '', '', 'storage', NULL, NULL, '1', NULL, NULL, 'Source: CAMERA sheet | Description: Reday | Imported quantity item 16 of 21 | Imported from ASSET (1).xlsx', NULL, '2026-03-12 04:03:50', '2026-03-12 04:03:50');
INSERT INTO `assets` (`id`, `name`, `tag`, `barcode`, `category_id`, `brand`, `model`, `serial_number`, `purchase_date`, `warranty_expiry`, `procurement_stage`, `vendor_name`, `invoice_number`, `status`, `archived_at`, `archive_reason`, `branch_id`, `assigned_employee_id`, `assigned_user_id`, `notes`, `image_path`, `created_at`, `updated_at`) VALUES ('177', 'hikvision', 'AST-000177', NULL, '5', '', '', '', NULL, NULL, 'received', '', '', 'storage', NULL, NULL, '1', NULL, NULL, 'Source: CAMERA sheet | Description: Reday | Imported quantity item 17 of 21 | Imported from ASSET (1).xlsx', NULL, '2026-03-12 04:03:50', '2026-03-12 04:03:50');
INSERT INTO `assets` (`id`, `name`, `tag`, `barcode`, `category_id`, `brand`, `model`, `serial_number`, `purchase_date`, `warranty_expiry`, `procurement_stage`, `vendor_name`, `invoice_number`, `status`, `archived_at`, `archive_reason`, `branch_id`, `assigned_employee_id`, `assigned_user_id`, `notes`, `image_path`, `created_at`, `updated_at`) VALUES ('178', 'hikvision', 'AST-000178', NULL, '5', '', '', '', NULL, NULL, 'received', '', '', 'storage', NULL, NULL, '1', NULL, NULL, 'Source: CAMERA sheet | Description: Reday | Imported quantity item 18 of 21 | Imported from ASSET (1).xlsx', NULL, '2026-03-12 04:03:50', '2026-03-12 04:03:50');
INSERT INTO `assets` (`id`, `name`, `tag`, `barcode`, `category_id`, `brand`, `model`, `serial_number`, `purchase_date`, `warranty_expiry`, `procurement_stage`, `vendor_name`, `invoice_number`, `status`, `archived_at`, `archive_reason`, `branch_id`, `assigned_employee_id`, `assigned_user_id`, `notes`, `image_path`, `created_at`, `updated_at`) VALUES ('179', 'hikvision', 'AST-000179', NULL, '5', '', '', '', NULL, NULL, 'received', '', '', 'storage', NULL, NULL, '1', NULL, NULL, 'Source: CAMERA sheet | Description: Reday | Imported quantity item 19 of 21 | Imported from ASSET (1).xlsx', NULL, '2026-03-12 04:03:50', '2026-03-12 04:03:50');
INSERT INTO `assets` (`id`, `name`, `tag`, `barcode`, `category_id`, `brand`, `model`, `serial_number`, `purchase_date`, `warranty_expiry`, `procurement_stage`, `vendor_name`, `invoice_number`, `status`, `archived_at`, `archive_reason`, `branch_id`, `assigned_employee_id`, `assigned_user_id`, `notes`, `image_path`, `created_at`, `updated_at`) VALUES ('180', 'hikvision', 'AST-000180', NULL, '5', '', '', '', NULL, NULL, 'received', '', '', 'storage', NULL, NULL, '1', NULL, NULL, 'Source: CAMERA sheet | Description: Reday | Imported quantity item 20 of 21 | Imported from ASSET (1).xlsx', NULL, '2026-03-12 04:03:50', '2026-03-12 04:03:50');
INSERT INTO `assets` (`id`, `name`, `tag`, `barcode`, `category_id`, `brand`, `model`, `serial_number`, `purchase_date`, `warranty_expiry`, `procurement_stage`, `vendor_name`, `invoice_number`, `status`, `archived_at`, `archive_reason`, `branch_id`, `assigned_employee_id`, `assigned_user_id`, `notes`, `image_path`, `created_at`, `updated_at`) VALUES ('181', 'hikvision', 'AST-000181', NULL, '5', '', '', '', NULL, NULL, 'received', '', '', 'storage', NULL, NULL, '1', NULL, NULL, 'Source: CAMERA sheet | Description: Reday | Imported quantity item 21 of 21 | Imported from ASSET (1).xlsx', NULL, '2026-03-12 04:03:50', '2026-03-12 04:03:50');
INSERT INTO `assets` (`id`, `name`, `tag`, `barcode`, `category_id`, `brand`, `model`, `serial_number`, `purchase_date`, `warranty_expiry`, `procurement_stage`, `vendor_name`, `invoice_number`, `status`, `archived_at`, `archive_reason`, `branch_id`, `assigned_employee_id`, `assigned_user_id`, `notes`, `image_path`, `created_at`, `updated_at`) VALUES ('182', 'hikvision kit', 'AST-000182', NULL, '5', '', '', '', NULL, NULL, 'received', '', '', 'storage', NULL, NULL, '1', NULL, NULL, 'Source: CAMERA sheet | Description: Reday | Imported quantity item 1 of 3 | Imported from ASSET (1).xlsx', NULL, '2026-03-12 04:03:50', '2026-03-12 04:03:50');
INSERT INTO `assets` (`id`, `name`, `tag`, `barcode`, `category_id`, `brand`, `model`, `serial_number`, `purchase_date`, `warranty_expiry`, `procurement_stage`, `vendor_name`, `invoice_number`, `status`, `archived_at`, `archive_reason`, `branch_id`, `assigned_employee_id`, `assigned_user_id`, `notes`, `image_path`, `created_at`, `updated_at`) VALUES ('183', 'hikvision kit', 'AST-000183', NULL, '5', '', '', '', NULL, NULL, 'received', '', '', 'storage', NULL, NULL, '1', NULL, NULL, 'Source: CAMERA sheet | Description: Reday | Imported quantity item 2 of 3 | Imported from ASSET (1).xlsx', NULL, '2026-03-12 04:03:50', '2026-03-12 04:03:50');
INSERT INTO `assets` (`id`, `name`, `tag`, `barcode`, `category_id`, `brand`, `model`, `serial_number`, `purchase_date`, `warranty_expiry`, `procurement_stage`, `vendor_name`, `invoice_number`, `status`, `archived_at`, `archive_reason`, `branch_id`, `assigned_employee_id`, `assigned_user_id`, `notes`, `image_path`, `created_at`, `updated_at`) VALUES ('184', 'hikvision kit', 'AST-000184', NULL, '5', '', '', '', NULL, NULL, 'received', '', '', 'storage', NULL, NULL, '1', NULL, NULL, 'Source: CAMERA sheet | Description: Reday | Imported quantity item 3 of 3 | Imported from ASSET (1).xlsx', NULL, '2026-03-12 04:03:50', '2026-03-12 04:03:50');
INSERT INTO `assets` (`id`, `name`, `tag`, `barcode`, `category_id`, `brand`, `model`, `serial_number`, `purchase_date`, `warranty_expiry`, `procurement_stage`, `vendor_name`, `invoice_number`, `status`, `archived_at`, `archive_reason`, `branch_id`, `assigned_employee_id`, `assigned_user_id`, `notes`, `image_path`, `created_at`, `updated_at`) VALUES ('185', 'dlhua kit', 'AST-000185', NULL, '5', '', '', '', NULL, NULL, 'received', '', '', 'storage', NULL, NULL, '1', NULL, NULL, 'Source: CAMERA sheet | Description: Reday | Imported quantity item 1 of 1 | Imported from ASSET (1).xlsx', NULL, '2026-03-12 04:03:50', '2026-03-12 04:03:50');
INSERT INTO `assets` (`id`, `name`, `tag`, `barcode`, `category_id`, `brand`, `model`, `serial_number`, `purchase_date`, `warranty_expiry`, `procurement_stage`, `vendor_name`, `invoice_number`, `status`, `archived_at`, `archive_reason`, `branch_id`, `assigned_employee_id`, `assigned_user_id`, `notes`, `image_path`, `created_at`, `updated_at`) VALUES ('186', 'logitech Z120', 'AST-000186', NULL, '5', '', '', '', NULL, NULL, 'received', '', '', 'storage', NULL, NULL, '1', NULL, NULL, 'Source: CAMERA sheet | Description: Reday | Imported quantity item 1 of 2 | Imported from ASSET (1).xlsx', NULL, '2026-03-12 04:03:50', '2026-03-12 04:03:50');
INSERT INTO `assets` (`id`, `name`, `tag`, `barcode`, `category_id`, `brand`, `model`, `serial_number`, `purchase_date`, `warranty_expiry`, `procurement_stage`, `vendor_name`, `invoice_number`, `status`, `archived_at`, `archive_reason`, `branch_id`, `assigned_employee_id`, `assigned_user_id`, `notes`, `image_path`, `created_at`, `updated_at`) VALUES ('187', 'logitech Z120', 'AST-000187', NULL, '5', '', '', '', NULL, NULL, 'received', '', '', 'storage', NULL, NULL, '1', NULL, NULL, 'Source: CAMERA sheet | Description: Reday | Imported quantity item 2 of 2 | Imported from ASSET (1).xlsx', NULL, '2026-03-12 04:03:50', '2026-03-12 04:03:50');
INSERT INTO `assets` (`id`, `name`, `tag`, `barcode`, `category_id`, `brand`, `model`, `serial_number`, `purchase_date`, `warranty_expiry`, `procurement_stage`, `vendor_name`, `invoice_number`, `status`, `archived_at`, `archive_reason`, `branch_id`, `assigned_employee_id`, `assigned_user_id`, `notes`, `image_path`, `created_at`, `updated_at`) VALUES ('188', 'LG Laptop LGR53', 'AST-000188', NULL, '13', '', '', '', NULL, NULL, 'received', '', '', 'broken', NULL, NULL, '1', NULL, NULL, 'Source: Out Of Support sheet | Description: Old cpu and 4 ram | Imported quantity item 1 of 1 | Imported from ASSET (1).xlsx', NULL, '2026-03-12 04:03:50', '2026-03-12 04:03:50');
INSERT INTO `assets` (`id`, `name`, `tag`, `barcode`, `category_id`, `brand`, `model`, `serial_number`, `purchase_date`, `warranty_expiry`, `procurement_stage`, `vendor_name`, `invoice_number`, `status`, `archived_at`, `archive_reason`, `branch_id`, `assigned_employee_id`, `assigned_user_id`, `notes`, `image_path`, `created_at`, `updated_at`) VALUES ('189', 'Fortigate Main', 'AST-000189', NULL, '11', '', '', '', NULL, NULL, 'deployed', '', '', 'active', NULL, NULL, '1', NULL, NULL, 'Source: NETWORK DEVICE sheet | This FortiGate device is used for managing the organization\'s internal network within the Al-Mansour branch and handling the number management system. | Imported from ASSET (1).xlsx', NULL, '2026-03-12 04:03:50', '2026-03-12 04:03:50');
INSERT INTO `assets` (`id`, `name`, `tag`, `barcode`, `category_id`, `brand`, `model`, `serial_number`, `purchase_date`, `warranty_expiry`, `procurement_stage`, `vendor_name`, `invoice_number`, `status`, `archived_at`, `archive_reason`, `branch_id`, `assigned_employee_id`, `assigned_user_id`, `notes`, `image_path`, `created_at`, `updated_at`) VALUES ('190', 'Fortigate Wi-Fi & Cameras', 'AST-000190', NULL, '11', '', '', '', NULL, NULL, 'deployed', '', '', 'active', NULL, NULL, '1', NULL, NULL, 'Source: NETWORK DEVICE sheet | This FortiGate device is dedicated to managing the organization\'s Wi-Fi infrastructure and IP camera network. | Imported from ASSET (1).xlsx', NULL, '2026-03-12 04:03:50', '2026-03-12 04:03:50');
INSERT INTO `assets` (`id`, `name`, `tag`, `barcode`, `category_id`, `brand`, `model`, `serial_number`, `purchase_date`, `warranty_expiry`, `procurement_stage`, `vendor_name`, `invoice_number`, `status`, `archived_at`, `archive_reason`, `branch_id`, `assigned_employee_id`, `assigned_user_id`, `notes`, `image_path`, `created_at`, `updated_at`) VALUES ('191', 'Cisco Catalyst 9200-Rack 2-1', 'AST-000191', NULL, '11', '', '', '', NULL, NULL, 'deployed', '', '', 'active', NULL, NULL, '1', NULL, NULL, 'Source: NETWORK DEVICE sheet | Is used to provide internet connectivity to the company. | Imported from ASSET (1).xlsx', NULL, '2026-03-12 04:03:50', '2026-03-12 04:03:50');
INSERT INTO `assets` (`id`, `name`, `tag`, `barcode`, `category_id`, `brand`, `model`, `serial_number`, `purchase_date`, `warranty_expiry`, `procurement_stage`, `vendor_name`, `invoice_number`, `status`, `archived_at`, `archive_reason`, `branch_id`, `assigned_employee_id`, `assigned_user_id`, `notes`, `image_path`, `created_at`, `updated_at`) VALUES ('192', 'Cisco Catalyst 9200-Rack 2-2', 'AST-000192', NULL, '11', '', '', '', NULL, NULL, 'deployed', '', '', 'active', NULL, NULL, '1', NULL, NULL, 'Source: NETWORK DEVICE sheet | This Cisco Catalyst 9200 switch is used to provide internet connectivity to the servers. | Imported from ASSET (1).xlsx', NULL, '2026-03-12 04:03:50', '2026-03-12 04:03:50');
INSERT INTO `assets` (`id`, `name`, `tag`, `barcode`, `category_id`, `brand`, `model`, `serial_number`, `purchase_date`, `warranty_expiry`, `procurement_stage`, `vendor_name`, `invoice_number`, `status`, `archived_at`, `archive_reason`, `branch_id`, `assigned_employee_id`, `assigned_user_id`, `notes`, `image_path`, `created_at`, `updated_at`) VALUES ('193', 'Cisco Catalyst 9200-DC-1', 'AST-000193', NULL, '11', '', '', '', NULL, NULL, 'deployed', '', '', 'active', NULL, NULL, '1', NULL, NULL, 'Source: NETWORK DEVICE sheet | This Cisco Catalyst 9200 switch is used to provide internet connectivity to the servers. | Imported from ASSET (1).xlsx', NULL, '2026-03-12 04:03:50', '2026-03-12 04:03:50');
INSERT INTO `assets` (`id`, `name`, `tag`, `barcode`, `category_id`, `brand`, `model`, `serial_number`, `purchase_date`, `warranty_expiry`, `procurement_stage`, `vendor_name`, `invoice_number`, `status`, `archived_at`, `archive_reason`, `branch_id`, `assigned_employee_id`, `assigned_user_id`, `notes`, `image_path`, `created_at`, `updated_at`) VALUES ('194', 'Cisco Catalyst 9200-DC-2', 'AST-000194', NULL, '11', '', '', '', NULL, NULL, 'deployed', '', '', 'active', NULL, NULL, '1', NULL, NULL, 'Source: NETWORK DEVICE sheet | Is used to provide internet connectivity to the company | Imported from ASSET (1).xlsx', NULL, '2026-03-12 04:03:50', '2026-03-12 04:03:50');
INSERT INTO `assets` (`id`, `name`, `tag`, `barcode`, `category_id`, `brand`, `model`, `serial_number`, `purchase_date`, `warranty_expiry`, `procurement_stage`, `vendor_name`, `invoice_number`, `status`, `archived_at`, `archive_reason`, `branch_id`, `assigned_employee_id`, `assigned_user_id`, `notes`, `image_path`, `created_at`, `updated_at`) VALUES ('195', 'Cisco Catalyst 2960.', 'AST-000195', NULL, '11', '', '', '', NULL, NULL, 'deployed', '', '', 'active', NULL, NULL, '1', NULL, NULL, 'Source: NETWORK DEVICE sheet | Is used to provide internet connectivity to the company in Num Monter Room. | Imported from ASSET (1).xlsx', NULL, '2026-03-12 04:03:50', '2026-03-12 04:03:50');
INSERT INTO `assets` (`id`, `name`, `tag`, `barcode`, `category_id`, `brand`, `model`, `serial_number`, `purchase_date`, `warranty_expiry`, `procurement_stage`, `vendor_name`, `invoice_number`, `status`, `archived_at`, `archive_reason`, `branch_id`, `assigned_employee_id`, `assigned_user_id`, `notes`, `image_path`, `created_at`, `updated_at`) VALUES ('196', 'Cisco Catalyst 2960.', 'AST-000196', NULL, '11', '', '', '', NULL, NULL, 'deployed', '', '', 'active', NULL, NULL, '1', NULL, NULL, 'Source: NETWORK DEVICE sheet | Is used to provide internet connectivity to the company in IT Monter Room | Imported from ASSET (1).xlsx', NULL, '2026-03-12 04:03:50', '2026-03-12 04:03:50');
INSERT INTO `assets` (`id`, `name`, `tag`, `barcode`, `category_id`, `brand`, `model`, `serial_number`, `purchase_date`, `warranty_expiry`, `procurement_stage`, `vendor_name`, `invoice_number`, `status`, `archived_at`, `archive_reason`, `branch_id`, `assigned_employee_id`, `assigned_user_id`, `notes`, `image_path`, `created_at`, `updated_at`) VALUES ('197', 'Cisco Catalyst 2960.', 'AST-000197', NULL, '11', '', '', '', NULL, NULL, 'deployed', '', '', 'active', NULL, NULL, '1', NULL, NULL, 'Source: NETWORK DEVICE sheet | Is used to provide internet connectivity to the company in LUXE Room | Imported from ASSET (1).xlsx', NULL, '2026-03-12 04:03:50', '2026-03-12 04:03:50');
INSERT INTO `assets` (`id`, `name`, `tag`, `barcode`, `category_id`, `brand`, `model`, `serial_number`, `purchase_date`, `warranty_expiry`, `procurement_stage`, `vendor_name`, `invoice_number`, `status`, `archived_at`, `archive_reason`, `branch_id`, `assigned_employee_id`, `assigned_user_id`, `notes`, `image_path`, `created_at`, `updated_at`) VALUES ('198', 'Unv 16+2+2 Port Gigabit PoE Switch', 'AST-000198', NULL, '11', '', '', '', NULL, NULL, 'deployed', '', '', 'active', NULL, NULL, '1', NULL, NULL, 'Source: NETWORK DEVICE sheet | This UNV 16+2+2 Port Gigabit PoE Switch is used to operate and power the surveillance cameras at Gate 2. | Imported from ASSET (1).xlsx', NULL, '2026-03-12 04:03:50', '2026-03-12 04:03:50');
INSERT INTO `assets` (`id`, `name`, `tag`, `barcode`, `category_id`, `brand`, `model`, `serial_number`, `purchase_date`, `warranty_expiry`, `procurement_stage`, `vendor_name`, `invoice_number`, `status`, `archived_at`, `archive_reason`, `branch_id`, `assigned_employee_id`, `assigned_user_id`, `notes`, `image_path`, `created_at`, `updated_at`) VALUES ('199', 'Unv 16+2+2 Port Gigabit PoE Switch', 'AST-000199', NULL, '11', '', '', '', NULL, NULL, 'deployed', '', '', 'active', NULL, NULL, '1', NULL, NULL, 'Source: NETWORK DEVICE sheet | This UNV 16+2+2 Port Gigabit PoE Switch is used to operate and power the surveillance cameras at Gate 2. | Imported from ASSET (1).xlsx', NULL, '2026-03-12 04:03:50', '2026-03-12 04:03:50');
INSERT INTO `assets` (`id`, `name`, `tag`, `barcode`, `category_id`, `brand`, `model`, `serial_number`, `purchase_date`, `warranty_expiry`, `procurement_stage`, `vendor_name`, `invoice_number`, `status`, `archived_at`, `archive_reason`, `branch_id`, `assigned_employee_id`, `assigned_user_id`, `notes`, `image_path`, `created_at`, `updated_at`) VALUES ('200', 'Unv 16+2+2 Port Gigabit PoE Switch', 'AST-000200', NULL, '11', '', '', '', NULL, NULL, 'deployed', '', '', 'active', NULL, NULL, '1', NULL, NULL, 'Source: NETWORK DEVICE sheet | This UNV 16+2+2 Port Gigabit PoE Switch is used to operate and power the surveillance cameras at Gate 2. | Imported from ASSET (1).xlsx', NULL, '2026-03-12 04:03:50', '2026-03-12 04:03:50');
INSERT INTO `assets` (`id`, `name`, `tag`, `barcode`, `category_id`, `brand`, `model`, `serial_number`, `purchase_date`, `warranty_expiry`, `procurement_stage`, `vendor_name`, `invoice_number`, `status`, `archived_at`, `archive_reason`, `branch_id`, `assigned_employee_id`, `assigned_user_id`, `notes`, `image_path`, `created_at`, `updated_at`) VALUES ('201', 'Unv 16+2+2 Port Gigabit PoE Switch', 'AST-000201', NULL, '11', '', '', '', NULL, NULL, 'deployed', '', '', 'active', NULL, NULL, '1', NULL, NULL, 'Source: NETWORK DEVICE sheet | This UNV 16+2+2 Port Gigabit PoE Switch is used to operate and power the surveillance cameras at Gate 3. | Imported from ASSET (1).xlsx', NULL, '2026-03-12 04:03:50', '2026-03-12 04:03:50');
INSERT INTO `assets` (`id`, `name`, `tag`, `barcode`, `category_id`, `brand`, `model`, `serial_number`, `purchase_date`, `warranty_expiry`, `procurement_stage`, `vendor_name`, `invoice_number`, `status`, `archived_at`, `archive_reason`, `branch_id`, `assigned_employee_id`, `assigned_user_id`, `notes`, `image_path`, `created_at`, `updated_at`) VALUES ('202', 'Unv 16+2+2 Port Gigabit PoE Switch', 'AST-000202', NULL, '11', '', '', '', NULL, NULL, 'deployed', '', '', 'active', NULL, NULL, '1', NULL, NULL, 'Source: NETWORK DEVICE sheet | This UNV 16+2+2 Port Gigabit PoE Switch is used to operate and power the surveillance cameras at Gate 3. | Imported from ASSET (1).xlsx', NULL, '2026-03-12 04:03:50', '2026-03-12 04:03:50');
INSERT INTO `assets` (`id`, `name`, `tag`, `barcode`, `category_id`, `brand`, `model`, `serial_number`, `purchase_date`, `warranty_expiry`, `procurement_stage`, `vendor_name`, `invoice_number`, `status`, `archived_at`, `archive_reason`, `branch_id`, `assigned_employee_id`, `assigned_user_id`, `notes`, `image_path`, `created_at`, `updated_at`) VALUES ('203', 'Unv 16+2+2 Port Gigabit PoE Switch', 'AST-000203', NULL, '11', '', '', '', NULL, NULL, 'deployed', '', '', 'active', NULL, NULL, '1', NULL, NULL, 'Source: NETWORK DEVICE sheet | This UNV 16+2+2 Port Gigabit PoE Switch is used to operate and power the surveillance cameras at Gate 3. | Imported from ASSET (1).xlsx', NULL, '2026-03-12 04:03:50', '2026-03-12 04:03:50');
INSERT INTO `assets` (`id`, `name`, `tag`, `barcode`, `category_id`, `brand`, `model`, `serial_number`, `purchase_date`, `warranty_expiry`, `procurement_stage`, `vendor_name`, `invoice_number`, `status`, `archived_at`, `archive_reason`, `branch_id`, `assigned_employee_id`, `assigned_user_id`, `notes`, `image_path`, `created_at`, `updated_at`) VALUES ('204', 'Unv 16+2+2 Port Gigabit PoE Switch', 'AST-000204', NULL, '11', '', '', '', NULL, NULL, 'deployed', '', '', 'active', NULL, NULL, '1', NULL, NULL, 'Source: NETWORK DEVICE sheet | This UNV 16+2+2 Port Gigabit PoE Switch is used to operate and power the Wi-Fi access points. | Imported from ASSET (1).xlsx', NULL, '2026-03-12 04:03:50', '2026-03-12 04:03:50');
INSERT INTO `assets` (`id`, `name`, `tag`, `barcode`, `category_id`, `brand`, `model`, `serial_number`, `purchase_date`, `warranty_expiry`, `procurement_stage`, `vendor_name`, `invoice_number`, `status`, `archived_at`, `archive_reason`, `branch_id`, `assigned_employee_id`, `assigned_user_id`, `notes`, `image_path`, `created_at`, `updated_at`) VALUES ('205', 'RB3011UiAS-RM', 'AST-000205', NULL, '11', '', '', '', NULL, NULL, 'deployed', '', '', 'active', NULL, NULL, '1', NULL, NULL, 'Source: NETWORK DEVICE sheet | Router Mangment EARTHLINK ISP 1 | Imported from ASSET (1).xlsx', NULL, '2026-03-12 04:03:50', '2026-03-12 04:03:50');
INSERT INTO `assets` (`id`, `name`, `tag`, `barcode`, `category_id`, `brand`, `model`, `serial_number`, `purchase_date`, `warranty_expiry`, `procurement_stage`, `vendor_name`, `invoice_number`, `status`, `archived_at`, `archive_reason`, `branch_id`, `assigned_employee_id`, `assigned_user_id`, `notes`, `image_path`, `created_at`, `updated_at`) VALUES ('206', 'RB3011UiAS-RM', 'AST-000206', NULL, '11', '', '', '', NULL, NULL, 'deployed', '', '', 'active', NULL, NULL, '1', NULL, NULL, 'Source: NETWORK DEVICE sheet | Router Mangment EARTHLINK ISP 2 | Imported from ASSET (1).xlsx', NULL, '2026-03-12 04:03:50', '2026-03-12 04:03:50');
INSERT INTO `assets` (`id`, `name`, `tag`, `barcode`, `category_id`, `brand`, `model`, `serial_number`, `purchase_date`, `warranty_expiry`, `procurement_stage`, `vendor_name`, `invoice_number`, `status`, `archived_at`, `archive_reason`, `branch_id`, `assigned_employee_id`, `assigned_user_id`, `notes`, `image_path`, `created_at`, `updated_at`) VALUES ('207', 'RB951G-2HnD', 'AST-000207', NULL, '11', '', '', '', NULL, NULL, 'deployed', '', '', 'active', NULL, NULL, '1', NULL, NULL, 'Source: NETWORK DEVICE sheet | Router Mangment Linex-SVR Local | Imported from ASSET (1).xlsx', NULL, '2026-03-12 04:03:50', '2026-03-12 04:03:50');
INSERT INTO `assets` (`id`, `name`, `tag`, `barcode`, `category_id`, `brand`, `model`, `serial_number`, `purchase_date`, `warranty_expiry`, `procurement_stage`, `vendor_name`, `invoice_number`, `status`, `archived_at`, `archive_reason`, `branch_id`, `assigned_employee_id`, `assigned_user_id`, `notes`, `image_path`, `created_at`, `updated_at`) VALUES ('208', 'L009UiGS-RM', 'AST-000208', NULL, '11', '', '', '', NULL, NULL, 'deployed', '', '', 'active', NULL, NULL, '1', NULL, NULL, 'Source: NETWORK DEVICE sheet | Router Mangment Awal ISP | Imported from ASSET (1).xlsx', NULL, '2026-03-12 04:03:50', '2026-03-12 04:03:50');
INSERT INTO `assets` (`id`, `name`, `tag`, `barcode`, `category_id`, `brand`, `model`, `serial_number`, `purchase_date`, `warranty_expiry`, `procurement_stage`, `vendor_name`, `invoice_number`, `status`, `archived_at`, `archive_reason`, `branch_id`, `assigned_employee_id`, `assigned_user_id`, `notes`, `image_path`, `created_at`, `updated_at`) VALUES ('209', 'RB4011iGS+RM', 'AST-000209', NULL, '11', '', '', '', NULL, NULL, 'deployed', '', '', 'active', NULL, NULL, '1', NULL, NULL, 'Source: NETWORK DEVICE sheet | Router Mangment Scope ISP | Imported from ASSET (1).xlsx', NULL, '2026-03-12 04:03:50', '2026-03-12 04:03:50');
INSERT INTO `assets` (`id`, `name`, `tag`, `barcode`, `category_id`, `brand`, `model`, `serial_number`, `purchase_date`, `warranty_expiry`, `procurement_stage`, `vendor_name`, `invoice_number`, `status`, `archived_at`, `archive_reason`, `branch_id`, `assigned_employee_id`, `assigned_user_id`, `notes`, `image_path`, `created_at`, `updated_at`) VALUES ('210', 'Fortigate Main', 'AST-000210', NULL, '11', '', '', '', NULL, NULL, 'deployed', '', '', 'active', NULL, NULL, '1', NULL, NULL, 'Source: NETWORK DEVICE sheet | This FortiGate device is used for managing the organization\'s internal network within the Al-Mansour branch and handling the number management system. | Imported from ASSET (1).xlsx', NULL, '2026-03-12 04:03:50', '2026-03-12 04:03:50');
INSERT INTO `assets` (`id`, `name`, `tag`, `barcode`, `category_id`, `brand`, `model`, `serial_number`, `purchase_date`, `warranty_expiry`, `procurement_stage`, `vendor_name`, `invoice_number`, `status`, `archived_at`, `archive_reason`, `branch_id`, `assigned_employee_id`, `assigned_user_id`, `notes`, `image_path`, `created_at`, `updated_at`) VALUES ('211', 'RB951G-2HnD', 'AST-000211', NULL, '11', '', '', '', NULL, NULL, 'deployed', '', '', 'active', NULL, NULL, '1', NULL, NULL, 'Source: NETWORK DEVICE sheet | Router Mangment Scope ISP | Imported from ASSET (1).xlsx', NULL, '2026-03-12 04:03:50', '2026-03-12 04:03:50');
INSERT INTO `assets` (`id`, `name`, `tag`, `barcode`, `category_id`, `brand`, `model`, `serial_number`, `purchase_date`, `warranty_expiry`, `procurement_stage`, `vendor_name`, `invoice_number`, `status`, `archived_at`, `archive_reason`, `branch_id`, `assigned_employee_id`, `assigned_user_id`, `notes`, `image_path`, `created_at`, `updated_at`) VALUES ('212', 'RB4011iGS+RM', 'AST-000212', NULL, '11', '', '', '', NULL, NULL, 'deployed', '', '', 'active', NULL, NULL, '1', NULL, NULL, 'Source: NETWORK DEVICE sheet | Router Mangment Awal ISP | Imported from ASSET (1).xlsx', NULL, '2026-03-12 04:03:50', '2026-03-12 04:03:50');
INSERT INTO `assets` (`id`, `name`, `tag`, `barcode`, `category_id`, `brand`, `model`, `serial_number`, `purchase_date`, `warranty_expiry`, `procurement_stage`, `vendor_name`, `invoice_number`, `status`, `archived_at`, `archive_reason`, `branch_id`, `assigned_employee_id`, `assigned_user_id`, `notes`, `image_path`, `created_at`, `updated_at`) VALUES ('213', 'Unv 10 Port', 'AST-000213', NULL, '11', '', '', '', NULL, NULL, 'deployed', '', '', 'active', NULL, NULL, '1', NULL, NULL, 'Source: NETWORK DEVICE sheet | This UNV 10 Port Gigabit PoE Switch is used to Push DHCP to PC & Cameras. | Imported from ASSET (1).xlsx', NULL, '2026-03-12 04:03:50', '2026-03-12 04:03:50');
INSERT INTO `assets` (`id`, `name`, `tag`, `barcode`, `category_id`, `brand`, `model`, `serial_number`, `purchase_date`, `warranty_expiry`, `procurement_stage`, `vendor_name`, `invoice_number`, `status`, `archived_at`, `archive_reason`, `branch_id`, `assigned_employee_id`, `assigned_user_id`, `notes`, `image_path`, `created_at`, `updated_at`) VALUES ('214', 'NVR', 'AST-000214', NULL, '11', '', '', '', NULL, NULL, 'deployed', '', '', 'active', NULL, NULL, '1', NULL, NULL, 'Source: NETWORK DEVICE sheet | A specialized device used in IP camera surveillance systems | Imported from ASSET (1).xlsx', NULL, '2026-03-12 04:03:50', '2026-03-12 04:03:50');
INSERT INTO `assets` (`id`, `name`, `tag`, `barcode`, `category_id`, `brand`, `model`, `serial_number`, `purchase_date`, `warranty_expiry`, `procurement_stage`, `vendor_name`, `invoice_number`, `status`, `archived_at`, `archive_reason`, `branch_id`, `assigned_employee_id`, `assigned_user_id`, `notes`, `image_path`, `created_at`, `updated_at`) VALUES ('215', 'Fortigate Main', 'AST-000215', NULL, '11', '', '', '', NULL, NULL, 'deployed', '', '', 'active', NULL, NULL, '1', NULL, NULL, 'Source: NETWORK DEVICE sheet | This FortiGate device is used for managing the organization\'s internal network within the Al-Mansour branch and handling the number management system. | Imported from ASSET (1).xlsx', NULL, '2026-03-12 04:03:50', '2026-03-12 04:03:50');
INSERT INTO `assets` (`id`, `name`, `tag`, `barcode`, `category_id`, `brand`, `model`, `serial_number`, `purchase_date`, `warranty_expiry`, `procurement_stage`, `vendor_name`, `invoice_number`, `status`, `archived_at`, `archive_reason`, `branch_id`, `assigned_employee_id`, `assigned_user_id`, `notes`, `image_path`, `created_at`, `updated_at`) VALUES ('216', 'RB4011iGS+RM', 'AST-000216', NULL, '11', '', '', '', NULL, NULL, 'deployed', '', '', 'active', NULL, NULL, '1', NULL, NULL, 'Source: NETWORK DEVICE sheet | Router Mangment Scope ISP | Imported from ASSET (1).xlsx', NULL, '2026-03-12 04:03:50', '2026-03-12 04:03:50');
INSERT INTO `assets` (`id`, `name`, `tag`, `barcode`, `category_id`, `brand`, `model`, `serial_number`, `purchase_date`, `warranty_expiry`, `procurement_stage`, `vendor_name`, `invoice_number`, `status`, `archived_at`, `archive_reason`, `branch_id`, `assigned_employee_id`, `assigned_user_id`, `notes`, `image_path`, `created_at`, `updated_at`) VALUES ('217', 'L009UiGS-RM', 'AST-000217', NULL, '11', '', '', '', NULL, NULL, 'deployed', '', '', 'active', NULL, NULL, '1', NULL, NULL, 'Source: NETWORK DEVICE sheet | Router Mangment Awal ISP | Imported from ASSET (1).xlsx', NULL, '2026-03-12 04:03:50', '2026-03-12 04:03:50');
INSERT INTO `assets` (`id`, `name`, `tag`, `barcode`, `category_id`, `brand`, `model`, `serial_number`, `purchase_date`, `warranty_expiry`, `procurement_stage`, `vendor_name`, `invoice_number`, `status`, `archived_at`, `archive_reason`, `branch_id`, `assigned_employee_id`, `assigned_user_id`, `notes`, `image_path`, `created_at`, `updated_at`) VALUES ('218', 'Cisco Catalyst 2960.', 'AST-000218', NULL, '11', '', '', '', NULL, NULL, 'deployed', '', '', 'active', NULL, NULL, '1', NULL, NULL, 'Source: NETWORK DEVICE sheet | Is used to provide internet connectivity to the branch PC and Cameras. | Imported from ASSET (1).xlsx', NULL, '2026-03-12 04:03:50', '2026-03-12 04:03:50');
INSERT INTO `assets` (`id`, `name`, `tag`, `barcode`, `category_id`, `brand`, `model`, `serial_number`, `purchase_date`, `warranty_expiry`, `procurement_stage`, `vendor_name`, `invoice_number`, `status`, `archived_at`, `archive_reason`, `branch_id`, `assigned_employee_id`, `assigned_user_id`, `notes`, `image_path`, `created_at`, `updated_at`) VALUES ('219', 'NVR', 'AST-000219', NULL, '11', '', '', '', NULL, NULL, 'deployed', '', '', 'active', NULL, NULL, '1', NULL, NULL, 'Source: NETWORK DEVICE sheet | A specialized device used in IP camera surveillance systems | Imported from ASSET (1).xlsx', NULL, '2026-03-12 04:03:50', '2026-03-12 04:03:50');
INSERT INTO `assets` (`id`, `name`, `tag`, `barcode`, `category_id`, `brand`, `model`, `serial_number`, `purchase_date`, `warranty_expiry`, `procurement_stage`, `vendor_name`, `invoice_number`, `status`, `archived_at`, `archive_reason`, `branch_id`, `assigned_employee_id`, `assigned_user_id`, `notes`, `image_path`, `created_at`, `updated_at`) VALUES ('220', 'Fortigate Main', 'AST-000220', NULL, '11', '', '', '', NULL, NULL, 'deployed', '', '', 'active', NULL, NULL, '1', NULL, NULL, 'Source: NETWORK DEVICE sheet | This FortiGate device is used for managing the organization\'s internal network within the Al-Mansour branch and handling the number management system. | Imported from ASSET (1).xlsx', NULL, '2026-03-12 04:03:50', '2026-03-12 04:03:50');
INSERT INTO `assets` (`id`, `name`, `tag`, `barcode`, `category_id`, `brand`, `model`, `serial_number`, `purchase_date`, `warranty_expiry`, `procurement_stage`, `vendor_name`, `invoice_number`, `status`, `archived_at`, `archive_reason`, `branch_id`, `assigned_employee_id`, `assigned_user_id`, `notes`, `image_path`, `created_at`, `updated_at`) VALUES ('221', 'RB4011iGS+RM', 'AST-000221', NULL, '11', '', '', '', NULL, NULL, 'deployed', '', '', 'active', NULL, NULL, '1', NULL, NULL, 'Source: NETWORK DEVICE sheet | Router Mangment Scope ISP | Imported from ASSET (1).xlsx', NULL, '2026-03-12 04:03:50', '2026-03-12 04:03:50');
INSERT INTO `assets` (`id`, `name`, `tag`, `barcode`, `category_id`, `brand`, `model`, `serial_number`, `purchase_date`, `warranty_expiry`, `procurement_stage`, `vendor_name`, `invoice_number`, `status`, `archived_at`, `archive_reason`, `branch_id`, `assigned_employee_id`, `assigned_user_id`, `notes`, `image_path`, `created_at`, `updated_at`) VALUES ('222', 'L009UiGS-RM', 'AST-000222', NULL, '11', '', '', '', NULL, NULL, 'deployed', '', '', 'active', NULL, NULL, '1', NULL, NULL, 'Source: NETWORK DEVICE sheet | Router Mangment Awal ISP | Imported from ASSET (1).xlsx', NULL, '2026-03-12 04:03:50', '2026-03-12 04:03:50');
INSERT INTO `assets` (`id`, `name`, `tag`, `barcode`, `category_id`, `brand`, `model`, `serial_number`, `purchase_date`, `warranty_expiry`, `procurement_stage`, `vendor_name`, `invoice_number`, `status`, `archived_at`, `archive_reason`, `branch_id`, `assigned_employee_id`, `assigned_user_id`, `notes`, `image_path`, `created_at`, `updated_at`) VALUES ('223', 'Cisco Catalyst 2960.', 'AST-000223', NULL, '11', '', '', '', NULL, NULL, 'deployed', '', '', 'active', NULL, NULL, '1', NULL, NULL, 'Source: NETWORK DEVICE sheet | Is used to provide internet connectivity to the branch PC and Cameras. | Imported from ASSET (1).xlsx', NULL, '2026-03-12 04:03:50', '2026-03-12 04:03:50');
INSERT INTO `assets` (`id`, `name`, `tag`, `barcode`, `category_id`, `brand`, `model`, `serial_number`, `purchase_date`, `warranty_expiry`, `procurement_stage`, `vendor_name`, `invoice_number`, `status`, `archived_at`, `archive_reason`, `branch_id`, `assigned_employee_id`, `assigned_user_id`, `notes`, `image_path`, `created_at`, `updated_at`) VALUES ('224', 'NVR', 'AST-000224', NULL, '11', '', '', '', NULL, NULL, 'deployed', '', '', 'active', NULL, NULL, '1', NULL, NULL, 'Source: NETWORK DEVICE sheet | A specialized device used in IP camera surveillance systems | Imported from ASSET (1).xlsx', NULL, '2026-03-12 04:03:50', '2026-03-12 04:03:50');
INSERT INTO `assets` (`id`, `name`, `tag`, `barcode`, `category_id`, `brand`, `model`, `serial_number`, `purchase_date`, `warranty_expiry`, `procurement_stage`, `vendor_name`, `invoice_number`, `status`, `archived_at`, `archive_reason`, `branch_id`, `assigned_employee_id`, `assigned_user_id`, `notes`, `image_path`, `created_at`, `updated_at`) VALUES ('225', 'Fortigate Main', 'AST-000225', NULL, '11', '', '', '', NULL, NULL, 'deployed', '', '', 'active', NULL, NULL, '1', NULL, NULL, 'Source: NETWORK DEVICE sheet | This FortiGate device is used for managing the organization\'s internal network within the Al-Mansour branch and handling the number management system. | Imported from ASSET (1).xlsx', NULL, '2026-03-12 04:03:50', '2026-03-12 04:03:50');
INSERT INTO `assets` (`id`, `name`, `tag`, `barcode`, `category_id`, `brand`, `model`, `serial_number`, `purchase_date`, `warranty_expiry`, `procurement_stage`, `vendor_name`, `invoice_number`, `status`, `archived_at`, `archive_reason`, `branch_id`, `assigned_employee_id`, `assigned_user_id`, `notes`, `image_path`, `created_at`, `updated_at`) VALUES ('226', 'L009UiGS-RM', 'AST-000226', NULL, '11', '', '', '', NULL, NULL, 'deployed', '', '', 'active', NULL, NULL, '1', NULL, NULL, 'Source: NETWORK DEVICE sheet | Router Mangment Awal ISP | Imported from ASSET (1).xlsx', NULL, '2026-03-12 04:03:50', '2026-03-12 04:03:50');
INSERT INTO `assets` (`id`, `name`, `tag`, `barcode`, `category_id`, `brand`, `model`, `serial_number`, `purchase_date`, `warranty_expiry`, `procurement_stage`, `vendor_name`, `invoice_number`, `status`, `archived_at`, `archive_reason`, `branch_id`, `assigned_employee_id`, `assigned_user_id`, `notes`, `image_path`, `created_at`, `updated_at`) VALUES ('227', 'IP-COM', 'AST-000227', NULL, '11', '', '', '', NULL, NULL, 'deployed', '', '', 'active', NULL, NULL, '1', NULL, NULL, 'Source: NETWORK DEVICE sheet | Is used to provide internet connectivity to the branch PC and Cameras. | Imported from ASSET (1).xlsx', NULL, '2026-03-12 04:03:50', '2026-03-12 04:03:50');
INSERT INTO `assets` (`id`, `name`, `tag`, `barcode`, `category_id`, `brand`, `model`, `serial_number`, `purchase_date`, `warranty_expiry`, `procurement_stage`, `vendor_name`, `invoice_number`, `status`, `archived_at`, `archive_reason`, `branch_id`, `assigned_employee_id`, `assigned_user_id`, `notes`, `image_path`, `created_at`, `updated_at`) VALUES ('228', 'NVR', 'AST-000228', NULL, '11', '', '', '', NULL, NULL, 'deployed', '', '', 'storage', NULL, NULL, '10', NULL, NULL, 'Source: NETWORK DEVICE sheet | A specialized device used in IP camera surveillance systems | Imported from ASSET (1).xlsx', NULL, '2026-03-12 04:44:11', '2026-03-12 04:44:11');

-- Table: audit_logs
DROP TABLE IF EXISTS `audit_logs`;
CREATE TABLE `audit_logs` (
  `id` bigint(20) NOT NULL AUTO_INCREMENT,
  `user_id` bigint(20) DEFAULT NULL,
  `action` varchar(100) DEFAULT NULL,
  `table_name` varchar(100) DEFAULT NULL,
  `record_id` bigint(20) DEFAULT NULL,
  `old_values` longtext CHARACTER SET utf8mb4 COLLATE utf8mb4_bin DEFAULT NULL CHECK (json_valid(`old_values`)),
  `new_values` longtext CHARACTER SET utf8mb4 COLLATE utf8mb4_bin DEFAULT NULL CHECK (json_valid(`new_values`)),
  `created_at` timestamp NOT NULL DEFAULT current_timestamp(),
  PRIMARY KEY (`id`),
  KEY `user_id` (`user_id`),
  CONSTRAINT `audit_logs_ibfk_1` FOREIGN KEY (`user_id`) REFERENCES `users` (`id`)
) ENGINE=InnoDB AUTO_INCREMENT=56 DEFAULT CHARSET=utf8mb4 COLLATE=utf8mb4_general_ci;
INSERT INTO `audit_logs` (`id`, `user_id`, `action`, `table_name`, `record_id`, `old_values`, `new_values`, `created_at`) VALUES ('1', '1', 'export', 'reports', NULL, NULL, '{\"format\":\"xls\",\"query\":\"hq\"}', '2026-03-12 02:49:12');
INSERT INTO `audit_logs` (`id`, `user_id`, `action`, `table_name`, `record_id`, `old_values`, `new_values`, `created_at`) VALUES ('2', '1', 'export', 'reports', NULL, NULL, '{\"format\":\"pdf\",\"query\":\"hq\"}', '2026-03-12 02:49:40');
INSERT INTO `audit_logs` (`id`, `user_id`, `action`, `table_name`, `record_id`, `old_values`, `new_values`, `created_at`) VALUES ('3', '1', 'update_permissions', 'role_permissions', NULL, NULL, '{\"admin\":{\"reports.export\":true,\"audit.view\":true,\"settings.manage\":true},\"it_manager\":{\"reports.export\":false,\"audit.view\":false,\"settings.manage\":false},\"technician\":{\"reports.export\":false,\"audit.view\":false,\"settings.manage\":false},\"viewer\":{\"reports.export\":true,\"audit.view\":true,\"settings.manage\":false}}', '2026-03-12 02:50:35');
INSERT INTO `audit_logs` (`id`, `user_id`, `action`, `table_name`, `record_id`, `old_values`, `new_values`, `created_at`) VALUES ('4', '1', 'create', 'users', '6', NULL, '{\"name\":\"jafar\"}', '2026-03-12 02:52:58');
INSERT INTO `audit_logs` (`id`, `user_id`, `action`, `table_name`, `record_id`, `old_values`, `new_values`, `created_at`) VALUES ('5', '1', 'export', 'reports', NULL, NULL, '{\"format\":\"pdf\",\"query\":\"\",\"section\":\"assets\",\"status\":\"active\",\"branch_id\":\"1\",\"category_id\":\"1\",\"role\":\"\",\"from_date\":\"\",\"to_date\":\"\"}', '2026-03-12 02:56:35');
INSERT INTO `audit_logs` (`id`, `user_id`, `action`, `table_name`, `record_id`, `old_values`, `new_values`, `created_at`) VALUES ('6', '1', 'create', 'asset_categories', '2', NULL, '{\"name\":\"scanner\"}', '2026-03-12 02:58:42');
INSERT INTO `audit_logs` (`id`, `user_id`, `action`, `table_name`, `record_id`, `old_values`, `new_values`, `created_at`) VALUES ('7', '1', 'create', 'assets', '2', NULL, '{\"name\":\"Xerox  docscanner\"}', '2026-03-12 03:00:02');
INSERT INTO `audit_logs` (`id`, `user_id`, `action`, `table_name`, `record_id`, `old_values`, `new_values`, `created_at`) VALUES ('8', '1', 'export', 'reports', NULL, NULL, '{\"format\":\"pdf\",\"query\":\"\",\"columns\":[\"name\",\"tag\",\"status\",\"branch\",\"category\"],\"section\":\"assets\",\"status\":\"\",\"branch_id\":\"\",\"category_id\":\"\",\"role\":\"\",\"from_date\":\"\",\"to_date\":\"\"}', '2026-03-12 03:01:23');
INSERT INTO `audit_logs` (`id`, `user_id`, `action`, `table_name`, `record_id`, `old_values`, `new_values`, `created_at`) VALUES ('9', '1', 'export', 'reports', NULL, NULL, '{\"format\":\"xls\",\"query\":\"\",\"columns\":[\"name\",\"tag\",\"status\",\"branch\",\"category\"],\"section\":\"assets\",\"status\":\"\",\"branch_id\":\"\",\"category_id\":\"\",\"role\":\"\",\"from_date\":\"\",\"to_date\":\"\"}', '2026-03-12 03:01:47');
INSERT INTO `audit_logs` (`id`, `user_id`, `action`, `table_name`, `record_id`, `old_values`, `new_values`, `created_at`) VALUES ('10', '1', 'export', 'reports', NULL, NULL, '{\"format\":\"pdf\",\"query\":\"it\",\"columns\":[\"name\",\"tag\",\"status\",\"branch\",\"category\"],\"section\":\"assets\",\"status\":\"\",\"branch_id\":\"1\",\"category_id\":\"\",\"role\":\"\",\"from_date\":\"\",\"to_date\":\"\"}', '2026-03-12 03:05:09');
INSERT INTO `audit_logs` (`id`, `user_id`, `action`, `table_name`, `record_id`, `old_values`, `new_values`, `created_at`) VALUES ('11', '1', 'export', 'reports', NULL, NULL, '{\"format\":\"xls\",\"query\":\"it\",\"columns\":[\"name\",\"tag\",\"status\",\"branch\",\"category\"],\"section\":\"assets\",\"status\":\"\",\"branch_id\":\"1\",\"category_id\":\"\",\"role\":\"\",\"from_date\":\"\",\"to_date\":\"\"}', '2026-03-12 03:05:30');
INSERT INTO `audit_logs` (`id`, `user_id`, `action`, `table_name`, `record_id`, `old_values`, `new_values`, `created_at`) VALUES ('12', '1', 'export', 'reports', NULL, NULL, '{\"format\":\"xls\",\"query\":\"it\",\"columns\":[\"name\",\"tag\",\"status\",\"branch\",\"category\"],\"section\":\"assets\",\"status\":\"\",\"branch_id\":\"1\",\"category_id\":\"\",\"role\":\"\",\"from_date\":\"\",\"to_date\":\"\"}', '2026-03-12 03:05:31');
INSERT INTO `audit_logs` (`id`, `user_id`, `action`, `table_name`, `record_id`, `old_values`, `new_values`, `created_at`) VALUES ('13', '1', 'create', 'branches', '2', NULL, '{\"name\":\"UM-QASER\"}', '2026-03-12 03:08:16');
INSERT INTO `audit_logs` (`id`, `user_id`, `action`, `table_name`, `record_id`, `old_values`, `new_values`, `created_at`) VALUES ('14', '1', 'create', 'branches', '3', NULL, '{\"name\":\"SAFWAN\"}', '2026-03-12 03:08:35');
INSERT INTO `audit_logs` (`id`, `user_id`, `action`, `table_name`, `record_id`, `old_values`, `new_values`, `created_at`) VALUES ('15', '1', 'update_permissions', 'role_permissions', NULL, NULL, '{\"admin\":{\"dashboard.view\":true,\"assets.view\":true,\"assets.manage\":true,\"assets.move\":true,\"branches.view\":true,\"branches.manage\":true,\"categories.view\":true,\"categories.manage\":true,\"employees.view\":true,\"employees.manage\":true,\"storage.view\":true,\"reports.view\":true,\"reports.export\":true,\"users.view\":true,\"users.manage\":true,\"audit.view\":true,\"settings.manage\":true,\"system.check\":true,\"api.docs\":true},\"it_manager\":{\"dashboard.view\":true,\"assets.view\":true,\"assets.manage\":true,\"assets.move\":true,\"branches.view\":true,\"branches.manage\":true,\"categories.view\":true,\"categories.manage\":true,\"employees.view\":true,\"employees.manage\":true,\"storage.view\":true,\"reports.view\":true,\"reports.export\":true,\"users.view\":true,\"users.manage\":true,\"audit.view\":false,\"settings.manage\":false,\"system.check\":false,\"api.docs\":false},\"technician\":{\"dashboard.view\":true,\"assets.view\":true,\"assets.manage\":false,\"assets.move\":true,\"branches.view\":true,\"branches.manage\":false,\"categories.view\":true,\"categories.manage\":false,\"employees.view\":true,\"employees.manage\":false,\"storage.view\":true,\"reports.view\":true,\"reports.export\":false,\"users.view\":true,\"users.manage\":true,\"audit.view\":false,\"settings.manage\":false,\"system.check\":false,\"api.docs\":false},\"viewer\":{\"dashboard.view\":true,\"assets.view\":true,\"assets.manage\":false,\"assets.move\":false,\"branches.view\":true,\"branches.manage\":false,\"categories.view\":true,\"categories.manage\":false,\"employees.view\":true,\"employees.manage\":false,\"storage.view\":true,\"reports.view\":true,\"reports.export\":true,\"users.view\":false,\"users.manage\":false,\"audit.view\":false,\"settings.manage\":false,\"system.check\":false,\"api.docs\":false}}', '2026-03-12 03:15:13');
INSERT INTO `audit_logs` (`id`, `user_id`, `action`, `table_name`, `record_id`, `old_values`, `new_values`, `created_at`) VALUES ('16', '1', 'create', 'branches', '4', NULL, '{\"name\":\"Trebeel\"}', '2026-03-12 03:19:08');
INSERT INTO `audit_logs` (`id`, `user_id`, `action`, `table_name`, `record_id`, `old_values`, `new_values`, `created_at`) VALUES ('17', '1', 'create', 'branches', '5', NULL, '{\"name\":\"ARAR\"}', '2026-03-12 03:19:31');
INSERT INTO `audit_logs` (`id`, `user_id`, `action`, `table_name`, `record_id`, `old_values`, `new_values`, `created_at`) VALUES ('18', '1', 'archive', 'assets', '2', '{\"id\":\"2\",\"tag\":\"21\",\"name\":\"Xerox  docscanner\",\"branch_id\":\"1\",\"assigned_employee_id\":null,\"category\":\"scanner\",\"location\":\"IT\",\"status\":\"broken\",\"assigned_to\":\"Unassigned\",\"serial_number\":\"46364\",\"brand\":\"Xerox\",\"model\":\"512\",\"purchase_date\":\"2022-03-15\",\"warranty_expiry\":\"2023-03-17\",\"procurement_stage\":\"received\",\"vendor_name\":\"\",\"invoice_number\":\"\",\"archived_at\":\"\",\"archive_reason\":\"\",\"notes\":\"\",\"documents\":[]}', '{\"status\":\"archived\",\"reason\":\"broken and not working\"}', '2026-03-12 03:20:25');
INSERT INTO `audit_logs` (`id`, `user_id`, `action`, `table_name`, `record_id`, `old_values`, `new_values`, `created_at`) VALUES ('19', '1', 'create', 'assets', '5', NULL, '{\"name\":\"MacBook\"}', '2026-03-12 03:28:44');
INSERT INTO `audit_logs` (`id`, `user_id`, `action`, `table_name`, `record_id`, `old_values`, `new_values`, `created_at`) VALUES ('20', '1', 'export', 'assets', NULL, NULL, '{\"format\":\"xls\",\"archived\":false,\"filters\":{\"q\":\"\",\"status\":\"\",\"category\":\"\",\"branch\":\"IT\",\"stage\":\"\"}}', '2026-03-12 03:30:23');
INSERT INTO `audit_logs` (`id`, `user_id`, `action`, `table_name`, `record_id`, `old_values`, `new_values`, `created_at`) VALUES ('21', '1', 'update', 'assets', '2', '{\"id\":\"2\",\"tag\":\"21\",\"name\":\"Xerox  docscanner\",\"branch_id\":\"1\",\"assigned_employee_id\":null,\"category\":\"scanner\",\"location\":\"IT\",\"status\":\"archived\",\"assigned_to\":\"Unassigned\",\"serial_number\":\"46364\",\"brand\":\"Xerox\",\"model\":\"512\",\"purchase_date\":\"2022-03-15\",\"warranty_expiry\":\"2023-03-17\",\"procurement_stage\":\"received\",\"vendor_name\":\"\",\"invoice_number\":\"\",\"archived_at\":\"2026-03-12\",\"archive_reason\":\"broken and not working\",\"notes\":\"\",\"documents\":[]}', '{\"name\":\"Xerox  docscanner\"}', '2026-03-12 03:40:13');
INSERT INTO `audit_logs` (`id`, `user_id`, `action`, `table_name`, `record_id`, `old_values`, `new_values`, `created_at`) VALUES ('22', '1', 'repair_send', 'assets', '2', '{\"id\":\"2\",\"tag\":\"21\",\"name\":\"Xerox  docscanner\",\"branch_id\":\"1\",\"assigned_employee_id\":null,\"category\":\"scanner\",\"location\":\"IT\",\"status\":\"broken\",\"assigned_to\":\"Unassigned\",\"serial_number\":\"46364\",\"brand\":\"Xerox\",\"model\":\"512\",\"purchase_date\":\"2022-03-15\",\"warranty_expiry\":\"2023-03-17\",\"procurement_stage\":\"received\",\"vendor_name\":\"\",\"invoice_number\":\"\",\"archived_at\":\"2026-03-12\",\"archive_reason\":\"broken and not working\",\"notes\":\"\",\"documents\":[]}', '{\"vendor_name\":\"it group\"}', '2026-03-12 03:40:33');
INSERT INTO `audit_logs` (`id`, `user_id`, `action`, `table_name`, `record_id`, `old_values`, `new_values`, `created_at`) VALUES ('23', '1', 'repair_complete', 'assets', '2', '{\"id\":\"2\",\"tag\":\"21\",\"name\":\"Xerox  docscanner\",\"branch_id\":\"1\",\"assigned_employee_id\":null,\"category\":\"scanner\",\"location\":\"IT\",\"status\":\"repair\",\"assigned_to\":\"Unassigned\",\"serial_number\":\"46364\",\"brand\":\"Xerox\",\"model\":\"512\",\"purchase_date\":\"2022-03-15\",\"warranty_expiry\":\"2023-03-17\",\"procurement_stage\":\"received\",\"vendor_name\":\"\",\"invoice_number\":\"\",\"archived_at\":\"2026-03-12\",\"archive_reason\":\"broken and not working\",\"notes\":\"\",\"documents\":[]}', '{\"outcome\":\"unrepairable\"}', '2026-03-12 03:41:06');
INSERT INTO `audit_logs` (`id`, `user_id`, `action`, `table_name`, `record_id`, `old_values`, `new_values`, `created_at`) VALUES ('24', '1', 'archive', 'assets', '2', '{\"id\":\"2\",\"tag\":\"21\",\"name\":\"Xerox  docscanner\",\"branch_id\":\"1\",\"assigned_employee_id\":null,\"category\":\"scanner\",\"location\":\"IT\",\"status\":\"broken\",\"assigned_to\":\"Unassigned\",\"serial_number\":\"46364\",\"brand\":\"Xerox\",\"model\":\"512\",\"purchase_date\":\"2022-03-15\",\"warranty_expiry\":\"2023-03-17\",\"procurement_stage\":\"received\",\"vendor_name\":\"\",\"invoice_number\":\"\",\"archived_at\":\"2026-03-12\",\"archive_reason\":\"broken and not working\",\"notes\":\"\",\"documents\":[]}', '{\"status\":\"archived\",\"reason\":\"gsdgsdg\"}', '2026-03-12 03:41:34');
INSERT INTO `audit_logs` (`id`, `user_id`, `action`, `table_name`, `record_id`, `old_values`, `new_values`, `created_at`) VALUES ('25', '1', 'export', 'assets', NULL, NULL, '{\"tool\":\"import_export\"}', '2026-03-12 04:03:34');
INSERT INTO `audit_logs` (`id`, `user_id`, `action`, `table_name`, `record_id`, `old_values`, `new_values`, `created_at`) VALUES ('26', NULL, 'import', 'assets', NULL, NULL, '{\"source\":\"ASSET (1).xlsx\",\"categories_created\":0,\"employees_created\":45,\"assets_created\":223}', '2026-03-12 04:03:50');
INSERT INTO `audit_logs` (`id`, `user_id`, `action`, `table_name`, `record_id`, `old_values`, `new_values`, `created_at`) VALUES ('27', '1', 'archive', 'assets', '84', '{\"id\":\"84\",\"tag\":\"AST-000084\",\"name\":\"Cannon LB 6030\",\"branch_id\":\"1\",\"assigned_employee_id\":null,\"category\":\"Printer\",\"location\":\"IT\",\"status\":\"storage\",\"assigned_to\":\"Unassigned\",\"serial_number\":\"\",\"brand\":\"\",\"model\":\"\",\"purchase_date\":\"\",\"warranty_expiry\":\"\",\"procurement_stage\":\"received\",\"vendor_name\":\"\",\"invoice_number\":\"\",\"archived_at\":\"\",\"archive_reason\":\"\",\"notes\":\"Source: STORAGE sheet | Description: Reday | Imported quantity item 1 of 3 | Imported from ASSET (1).xlsx\",\"documents\":[]}', '{\"status\":\"archived\",\"reason\":\"Don\'t work\"}', '2026-03-12 04:16:28');
INSERT INTO `audit_logs` (`id`, `user_id`, `action`, `table_name`, `record_id`, `old_values`, `new_values`, `created_at`) VALUES ('28', '1', 'move', 'assets', '149', NULL, '{\"name\":\"asset movement\"}', '2026-03-12 04:19:14');
INSERT INTO `audit_logs` (`id`, `user_id`, `action`, `table_name`, `record_id`, `old_values`, `new_values`, `created_at`) VALUES ('29', '1', 'update', 'assets', '149', '{\"id\":\"149\",\"tag\":\"AST-000149\",\"name\":\"Zk iface 1000\",\"branch_id\":\"5\",\"assigned_employee_id\":null,\"category\":\"fingerprint\",\"location\":\"ARAR\",\"status\":\"active\",\"assigned_to\":\"Unassigned\",\"serial_number\":\"\",\"brand\":\"\",\"model\":\"\",\"purchase_date\":\"\",\"warranty_expiry\":\"\",\"procurement_stage\":\"received\",\"vendor_name\":\"\",\"invoice_number\":\"\",\"archived_at\":\"\",\"archive_reason\":\"\",\"notes\":\"Source: STORAGE sheet | Description: Reday | Imported quantity item 1 of 1 | Imported from ASSET (1).xlsx\",\"documents\":[]}', '{\"name\":\"Zk iface 1000\"}', '2026-03-12 04:24:16');
INSERT INTO `audit_logs` (`id`, `user_id`, `action`, `table_name`, `record_id`, `old_values`, `new_values`, `created_at`) VALUES ('30', '1', 'delete', 'licenses', '3', '{\"id\":\"3\",\"product_name\":\"Adobe Acrobat Pro\",\"vendor_name\":\"Adobe\",\"license_type\":\"subscription\",\"license_key\":\"ADB-ALN-003\",\"seats_total\":20,\"seats_used\":22,\"purchase_date\":\"2025-09-01\",\"expiry_date\":\"2026-09-01\",\"status\":\"renewal_due\",\"assigned_asset_id\":null,\"assigned_employee_id\":\"1\",\"notes\":\"Overused sample record to highlight seat tracking.\"}', NULL, '2026-03-12 04:25:22');
INSERT INTO `audit_logs` (`id`, `user_id`, `action`, `table_name`, `record_id`, `old_values`, `new_values`, `created_at`) VALUES ('31', '1', 'create', 'branches', '6', NULL, '{\"name\":\"GHANDOOR\"}', '2026-03-12 04:28:06');
INSERT INTO `audit_logs` (`id`, `user_id`, `action`, `table_name`, `record_id`, `old_values`, `new_values`, `created_at`) VALUES ('32', '1', 'create', 'branches', '7', NULL, '{\"name\":\"LUKS\"}', '2026-03-12 04:28:36');
INSERT INTO `audit_logs` (`id`, `user_id`, `action`, `table_name`, `record_id`, `old_values`, `new_values`, `created_at`) VALUES ('33', '1', 'create', 'branches', '8', NULL, '{\"name\":\"Garage\"}', '2026-03-12 04:29:00');
INSERT INTO `audit_logs` (`id`, `user_id`, `action`, `table_name`, `record_id`, `old_values`, `new_values`, `created_at`) VALUES ('34', '1', 'update', 'employees', '15', '{\"id\":\"15\",\"name\":\"Rand Hassan\",\"employee_code\":\"IMP-0014\",\"department\":\"HQ-Luks\",\"job_title\":\"\",\"phone\":\"\",\"status\":\"active\",\"branch_id\":\"1\",\"branch_name\":\"IT\"}', '{\"name\":\"Rand Hassan\"}', '2026-03-12 04:32:11');
INSERT INTO `audit_logs` (`id`, `user_id`, `action`, `table_name`, `record_id`, `old_values`, `new_values`, `created_at`) VALUES ('35', '1', 'update', 'employees', '40', '{\"id\":\"40\",\"name\":\"Talha Ziad Tariq\",\"employee_code\":\"IMP-0039\",\"department\":\"Trebeel\",\"job_title\":\"\",\"phone\":\"\",\"status\":\"active\",\"branch_id\":\"1\",\"branch_name\":\"IT\"}', '{\"name\":\"Talha Ziad Tariq\"}', '2026-03-12 04:33:12');
INSERT INTO `audit_logs` (`id`, `user_id`, `action`, `table_name`, `record_id`, `old_values`, `new_values`, `created_at`) VALUES ('36', '1', 'move', 'assets', '48', NULL, '{\"name\":\"asset movement\"}', '2026-03-12 04:33:36');
INSERT INTO `audit_logs` (`id`, `user_id`, `action`, `table_name`, `record_id`, `old_values`, `new_values`, `created_at`) VALUES ('37', '1', 'update', 'employees', '42', '{\"id\":\"42\",\"name\":\"Tariq Ziad\",\"employee_code\":\"IMP-0041\",\"department\":\"Trebeel\",\"job_title\":\"\",\"phone\":\"\",\"status\":\"active\",\"branch_id\":\"1\",\"branch_name\":\"IT\"}', '{\"name\":\"Tariq Ziad\"}', '2026-03-12 04:36:22');
INSERT INTO `audit_logs` (`id`, `user_id`, `action`, `table_name`, `record_id`, `old_values`, `new_values`, `created_at`) VALUES ('38', '1', 'update', 'employees', '39', '{\"id\":\"39\",\"name\":\"Yasser Amer Khaled\",\"employee_code\":\"IMP-0038\",\"department\":\"Trebeel\",\"job_title\":\"\",\"phone\":\"\",\"status\":\"active\",\"branch_id\":\"1\",\"branch_name\":\"IT\"}', '{\"name\":\"Yasser Amer Khaled\"}', '2026-03-12 04:36:34');
INSERT INTO `audit_logs` (`id`, `user_id`, `action`, `table_name`, `record_id`, `old_values`, `new_values`, `created_at`) VALUES ('39', '1', 'update', 'employees', '37', '{\"id\":\"37\",\"name\":\"Roukan Satar Saleh\",\"employee_code\":\"IMP-0036\",\"department\":\"Trebeel\",\"job_title\":\"\",\"phone\":\"\",\"status\":\"active\",\"branch_id\":\"1\",\"branch_name\":\"IT\"}', '{\"name\":\"Roukan Satar Saleh\"}', '2026-03-12 04:36:43');
INSERT INTO `audit_logs` (`id`, `user_id`, `action`, `table_name`, `record_id`, `old_values`, `new_values`, `created_at`) VALUES ('40', '1', 'update', 'employees', '47', '{\"id\":\"47\",\"name\":\"Nabeel Maron\",\"employee_code\":\"IMP-0046\",\"department\":\"Turkiye\",\"job_title\":\"\",\"phone\":\"\",\"status\":\"active\",\"branch_id\":\"1\",\"branch_name\":\"IT\"}', '{\"name\":\"Nabeel Maron\"}', '2026-03-12 04:37:44');
INSERT INTO `audit_logs` (`id`, `user_id`, `action`, `table_name`, `record_id`, `old_values`, `new_values`, `created_at`) VALUES ('41', '1', 'update', 'employees', '36', '{\"id\":\"36\",\"name\":\"Buzz Ameer\",\"employee_code\":\"IMP-0035\",\"department\":\"Trebeel\",\"job_title\":\"\",\"phone\":\"\",\"status\":\"active\",\"branch_id\":\"1\",\"branch_name\":\"IT\"}', '{\"name\":\"Buzz Ameer\"}', '2026-03-12 04:39:34');
INSERT INTO `audit_logs` (`id`, `user_id`, `action`, `table_name`, `record_id`, `old_values`, `new_values`, `created_at`) VALUES ('42', '1', 'create', 'branches', '9', NULL, '{\"name\":\"KIRKUK AIRPORT\"}', '2026-03-12 04:40:00');
INSERT INTO `audit_logs` (`id`, `user_id`, `action`, `table_name`, `record_id`, `old_values`, `new_values`, `created_at`) VALUES ('43', '1', 'create', 'branches', '10', NULL, '{\"name\":\"HQ-Storage\"}', '2026-03-12 04:43:19');
INSERT INTO `audit_logs` (`id`, `user_id`, `action`, `table_name`, `record_id`, `old_values`, `new_values`, `created_at`) VALUES ('44', '1', 'update', 'assets', '84', '{\"id\":\"84\",\"tag\":\"AST-000084\",\"name\":\"Cannon LB 6030\",\"branch_id\":\"1\",\"assigned_employee_id\":null,\"category\":\"Printer\",\"location\":\"IT\",\"status\":\"archived\",\"assigned_to\":\"Unassigned\",\"serial_number\":\"\",\"brand\":\"\",\"model\":\"\",\"purchase_date\":\"\",\"warranty_expiry\":\"\",\"procurement_stage\":\"received\",\"vendor_name\":\"\",\"invoice_number\":\"\",\"archived_at\":\"2026-03-12\",\"archive_reason\":\"Don\'t work\",\"notes\":\"Source: STORAGE sheet | Description: Reday | Imported quantity item 1 of 3 | Imported from ASSET (1).xlsx\",\"documents\":[]}', '{\"name\":\"Cannon LB 6030\"}', '2026-03-12 04:43:48');
INSERT INTO `audit_logs` (`id`, `user_id`, `action`, `table_name`, `record_id`, `old_values`, `new_values`, `created_at`) VALUES ('45', '1', 'update', 'assets', '228', '{\"id\":\"228\",\"tag\":\"AST-000228\",\"name\":\"NVR\",\"branch_id\":\"1\",\"assigned_employee_id\":null,\"category\":\"Network Device\",\"location\":\"IT\",\"status\":\"active\",\"assigned_to\":\"Unassigned\",\"serial_number\":\"\",\"brand\":\"\",\"model\":\"\",\"purchase_date\":\"\",\"warranty_expiry\":\"\",\"procurement_stage\":\"deployed\",\"vendor_name\":\"\",\"invoice_number\":\"\",\"archived_at\":\"\",\"archive_reason\":\"\",\"notes\":\"Source: NETWORK DEVICE sheet | A specialized device used in IP camera surveillance systems | Imported from ASSET (1).xlsx\",\"documents\":[]}', '{\"name\":\"NVR\"}', '2026-03-12 04:44:11');
INSERT INTO `audit_logs` (`id`, `user_id`, `action`, `table_name`, `record_id`, `old_values`, `new_values`, `created_at`) VALUES ('46', '1', 'update', 'assets', '2', '{\"id\":\"2\",\"tag\":\"21\",\"name\":\"Xerox  docscanner\",\"branch_id\":\"1\",\"assigned_employee_id\":null,\"category\":\"scanner\",\"location\":\"IT\",\"status\":\"archived\",\"assigned_to\":\"Unassigned\",\"serial_number\":\"46364\",\"brand\":\"Xerox\",\"model\":\"512\",\"purchase_date\":\"2022-03-15\",\"warranty_expiry\":\"2023-03-17\",\"procurement_stage\":\"received\",\"vendor_name\":\"\",\"invoice_number\":\"\",\"archived_at\":\"2026-03-12\",\"archive_reason\":\"gsdgsdg\",\"notes\":\"\",\"documents\":[]}', '{\"name\":\"Xerox  docscanner\"}', '2026-03-12 04:44:44');
INSERT INTO `audit_logs` (`id`, `user_id`, `action`, `table_name`, `record_id`, `old_values`, `new_values`, `created_at`) VALUES ('47', '1', 'update_permissions', 'role_permissions', NULL, NULL, '{\"admin\":{\"dashboard.view\":true,\"assets.view\":true,\"assets.manage\":true,\"assets.move\":true,\"branches.view\":true,\"branches.manage\":true,\"categories.view\":true,\"categories.manage\":true,\"employees.view\":true,\"employees.manage\":true,\"licenses.view\":true,\"licenses.manage\":true,\"storage.view\":true,\"reports.view\":true,\"reports.export\":true,\"users.view\":true,\"users.manage\":true,\"audit.view\":true,\"settings.manage\":true,\"system.check\":true,\"api.docs\":true},\"it_manager\":{\"dashboard.view\":true,\"assets.view\":true,\"assets.manage\":true,\"assets.move\":true,\"branches.view\":true,\"branches.manage\":true,\"categories.view\":true,\"categories.manage\":true,\"employees.view\":true,\"employees.manage\":true,\"licenses.view\":true,\"licenses.manage\":true,\"storage.view\":true,\"reports.view\":true,\"reports.export\":true,\"users.view\":true,\"users.manage\":true,\"audit.view\":false,\"settings.manage\":false,\"system.check\":false,\"api.docs\":false},\"technician\":{\"dashboard.view\":true,\"assets.view\":true,\"assets.manage\":false,\"assets.move\":true,\"branches.view\":true,\"branches.manage\":false,\"categories.view\":true,\"categories.manage\":false,\"employees.view\":true,\"employees.manage\":false,\"licenses.view\":true,\"licenses.manage\":false,\"storage.view\":true,\"reports.view\":true,\"reports.export\":false,\"users.view\":true,\"users.manage\":true,\"audit.view\":false,\"settings.manage\":false,\"system.check\":false,\"api.docs\":false},\"viewer\":{\"dashboard.view\":true,\"assets.view\":true,\"assets.manage\":false,\"assets.move\":false,\"branches.view\":true,\"branches.manage\":false,\"categories.view\":true,\"categories.manage\":false,\"employees.view\":true,\"employees.manage\":true,\"licenses.view\":true,\"licenses.manage\":false,\"storage.view\":true,\"reports.view\":true,\"reports.export\":true,\"users.view\":false,\"users.manage\":false,\"audit.view\":false,\"settings.manage\":false,\"system.check\":false,\"api.docs\":false}}', '2026-03-12 04:50:07');
INSERT INTO `audit_logs` (`id`, `user_id`, `action`, `table_name`, `record_id`, `old_values`, `new_values`, `created_at`) VALUES ('48', '1', 'move', 'assets', '156', NULL, '{\"name\":\"asset movement\"}', '2026-03-12 04:58:51');
INSERT INTO `audit_logs` (`id`, `user_id`, `action`, `table_name`, `record_id`, `old_values`, `new_values`, `created_at`) VALUES ('49', '1', 'handover', 'asset_handovers', '1', NULL, '{\"asset_id\":192,\"employee_id\":\"45\",\"handover_type\":\"return\"}', '2026-03-12 05:06:09');
INSERT INTO `audit_logs` (`id`, `user_id`, `action`, `table_name`, `record_id`, `old_values`, `new_values`, `created_at`) VALUES ('50', '1', 'return', 'assets', '1', '{\"id\":\"1\",\"tag\":\"212\",\"name\":\"HQ-IT-MJ\",\"branch_id\":\"1\",\"assigned_employee_id\":\"1\",\"category\":\"Laptop\",\"location\":\"IT\",\"status\":\"active\",\"assigned_to\":\"Mustafa Jamal\",\"serial_number\":\"4613216456\",\"brand\":\"ACER\",\"model\":\"5646464\",\"purchase_date\":\"\",\"warranty_expiry\":\"\",\"procurement_stage\":\"deployed\",\"vendor_name\":\"\",\"invoice_number\":\"\",\"archived_at\":\"\",\"archive_reason\":\"\",\"notes\":\"\",\"documents\":[]}', '{\"status\":\"storage\"}', '2026-03-12 05:16:52');
INSERT INTO `audit_logs` (`id`, `user_id`, `action`, `table_name`, `record_id`, `old_values`, `new_values`, `created_at`) VALUES ('51', '1', 'offboard', 'employees', '1', '{\"id\":\"1\",\"name\":\"Mustafa Jamal\",\"employee_code\":\"1222\",\"company_email\":\"\",\"fingerprint_id\":\"\",\"department\":\"IT\",\"job_title\":\"Network\",\"phone\":\"\",\"appointment_order_name\":\"\",\"appointment_order_path\":\"\",\"status\":\"active\",\"branch_id\":\"1\",\"branch_name\":\"IT\"}', '{\"offboarding_id\":0,\"status\":\"inactive\",\"reason\":\"test\"}', '2026-03-12 05:17:46');
INSERT INTO `audit_logs` (`id`, `user_id`, `action`, `table_name`, `record_id`, `old_values`, `new_values`, `created_at`) VALUES ('52', '1', 'export', 'assets', NULL, NULL, '{\"tool\":\"import_export\"}', '2026-03-12 05:25:15');
INSERT INTO `audit_logs` (`id`, `user_id`, `action`, `table_name`, `record_id`, `old_values`, `new_values`, `created_at`) VALUES ('53', '1', 'backup', 'system', NULL, NULL, '{\"sql\":\"storage\\/backups\\/alnahala-ams-db-20260312-033345.sql\",\"zip\":\"storage\\/backups\\/alnahala-ams-deploy-20260312-033345.zip\"}', '2026-03-12 05:33:45');
INSERT INTO `audit_logs` (`id`, `user_id`, `action`, `table_name`, `record_id`, `old_values`, `new_values`, `created_at`) VALUES ('54', '1', 'delete', 'employees', '4', '{\"id\":\"4\",\"name\":\"محمد الجنابي + علي عبدالوهاب\",\"employee_code\":\"IMP-0003\",\"company_name\":\"\",\"project_name\":\"\",\"company_email\":\"\",\"fingerprint_id\":\"\",\"department\":\"HQ-Accountants\",\"job_title\":\"\",\"phone\":\"\",\"appointment_order_name\":\"\",\"appointment_order_path\":\"\",\"status\":\"active\",\"branch_id\":\"1\",\"branch_name\":\"IT\"}', NULL, '2026-03-12 14:21:10');
INSERT INTO `audit_logs` (`id`, `user_id`, `action`, `table_name`, `record_id`, `old_values`, `new_values`, `created_at`) VALUES ('55', '1', 'delete', 'employees', '5', '{\"id\":\"5\",\"name\":\"محمد حمدي + احمد طلعت\",\"employee_code\":\"IMP-0004\",\"company_name\":\"\",\"project_name\":\"\",\"company_email\":\"\",\"fingerprint_id\":\"\",\"department\":\"HQ-Accountants\",\"job_title\":\"\",\"phone\":\"\",\"appointment_order_name\":\"\",\"appointment_order_path\":\"\",\"status\":\"active\",\"branch_id\":\"1\",\"branch_name\":\"IT\"}', NULL, '2026-03-12 14:21:15');

-- Table: branches
DROP TABLE IF EXISTS `branches`;
CREATE TABLE `branches` (
  `id` bigint(20) NOT NULL AUTO_INCREMENT,
  `name` varchar(100) NOT NULL,
  `parent_id` bigint(20) DEFAULT NULL,
  `type` enum('HQ','Branch','Office','Storage') NOT NULL,
  `address` text DEFAULT NULL,
  `created_at` timestamp NOT NULL DEFAULT current_timestamp() ON UPDATE current_timestamp(),
  `updated_at` timestamp NOT NULL DEFAULT '0000-00-00 00:00:00',
  PRIMARY KEY (`id`),
  KEY `parent_id` (`parent_id`),
  CONSTRAINT `branches_ibfk_1` FOREIGN KEY (`parent_id`) REFERENCES `branches` (`id`)
) ENGINE=InnoDB AUTO_INCREMENT=11 DEFAULT CHARSET=utf8mb4 COLLATE=utf8mb4_general_ci;
INSERT INTO `branches` (`id`, `name`, `parent_id`, `type`, `address`, `created_at`, `updated_at`) VALUES ('1', 'IT', NULL, 'HQ', 'IT Department', '2026-03-12 02:32:20', '2026-03-12 02:32:20');
INSERT INTO `branches` (`id`, `name`, `parent_id`, `type`, `address`, `created_at`, `updated_at`) VALUES ('2', 'UM-QASER', NULL, 'Branch', 'BASRA', '2026-03-12 03:08:16', '2026-03-12 03:08:16');
INSERT INTO `branches` (`id`, `name`, `parent_id`, `type`, `address`, `created_at`, `updated_at`) VALUES ('3', 'SAFWAN', NULL, 'Branch', 'BASRA', '2026-03-12 03:08:35', '2026-03-12 03:08:35');
INSERT INTO `branches` (`id`, `name`, `parent_id`, `type`, `address`, `created_at`, `updated_at`) VALUES ('4', 'Trebeel', NULL, 'Branch', 'Anbar', '2026-03-12 03:19:08', '2026-03-12 03:19:08');
INSERT INTO `branches` (`id`, `name`, `parent_id`, `type`, `address`, `created_at`, `updated_at`) VALUES ('5', 'ARAR', NULL, 'Branch', 'Anbar', '2026-03-12 03:19:31', '2026-03-12 03:19:31');
INSERT INTO `branches` (`id`, `name`, `parent_id`, `type`, `address`, `created_at`, `updated_at`) VALUES ('6', 'GHANDOOR', NULL, 'HQ', '14 -ramadan street', '2026-03-12 04:28:06', '2026-03-12 04:28:06');
INSERT INTO `branches` (`id`, `name`, `parent_id`, `type`, `address`, `created_at`, `updated_at`) VALUES ('7', 'LUKS', NULL, 'Office', 'Turky', '2026-03-12 04:28:36', '2026-03-12 04:28:36');
INSERT INTO `branches` (`id`, `name`, `parent_id`, `type`, `address`, `created_at`, `updated_at`) VALUES ('8', 'Garage', NULL, 'Office', 'Al-Ameerat street', '2026-03-12 04:29:00', '2026-03-12 04:29:00');
INSERT INTO `branches` (`id`, `name`, `parent_id`, `type`, `address`, `created_at`, `updated_at`) VALUES ('9', 'KIRKUK AIRPORT', NULL, 'Branch', 'Kirkuk', '2026-03-12 04:40:00', '2026-03-12 04:40:00');
INSERT INTO `branches` (`id`, `name`, `parent_id`, `type`, `address`, `created_at`, `updated_at`) VALUES ('10', 'HQ-Storage', NULL, 'Storage', 'HQ', '2026-03-12 04:43:19', '2026-03-12 04:43:19');

-- Table: employee_offboarding
DROP TABLE IF EXISTS `employee_offboarding`;
CREATE TABLE `employee_offboarding` (
  `id` bigint(20) NOT NULL AUTO_INCREMENT,
  `employee_id` bigint(20) NOT NULL,
  `reason` varchar(255) NOT NULL,
  `notes` text DEFAULT NULL,
  `offboarded_at` date NOT NULL,
  `completed_by` bigint(20) DEFAULT NULL,
  `created_at` timestamp NULL DEFAULT NULL,
  `updated_at` timestamp NULL DEFAULT NULL,
  PRIMARY KEY (`id`),
  KEY `employee_id` (`employee_id`),
  KEY `completed_by` (`completed_by`),
  CONSTRAINT `employee_offboarding_ibfk_1` FOREIGN KEY (`employee_id`) REFERENCES `employees` (`id`),
  CONSTRAINT `employee_offboarding_ibfk_2` FOREIGN KEY (`completed_by`) REFERENCES `users` (`id`)
) ENGINE=InnoDB AUTO_INCREMENT=2 DEFAULT CHARSET=utf8mb4 COLLATE=utf8mb4_general_ci;
INSERT INTO `employee_offboarding` (`id`, `employee_id`, `reason`, `notes`, `offboarded_at`, `completed_by`, `created_at`, `updated_at`) VALUES ('1', '1', 'test', 'test', '2026-03-12', '1', '2026-03-12 05:17:46', '2026-03-12 05:17:46');

-- Table: employees
DROP TABLE IF EXISTS `employees`;
CREATE TABLE `employees` (
  `id` bigint(20) NOT NULL AUTO_INCREMENT,
  `name` varchar(100) NOT NULL,
  `employee_code` varchar(50) NOT NULL,
  `company_name` varchar(150) DEFAULT NULL,
  `project_name` varchar(150) DEFAULT NULL,
  `company_email` varchar(150) DEFAULT NULL,
  `fingerprint_id` varchar(100) DEFAULT NULL,
  `department` varchar(100) DEFAULT NULL,
  `job_title` varchar(100) DEFAULT NULL,
  `phone` varchar(50) DEFAULT NULL,
  `branch_id` bigint(20) DEFAULT NULL,
  `appointment_order_name` varchar(255) DEFAULT NULL,
  `appointment_order_path` varchar(255) DEFAULT NULL,
  `status` enum('active','inactive') DEFAULT 'active',
  `created_at` timestamp NULL DEFAULT current_timestamp(),
  `updated_at` timestamp NULL DEFAULT current_timestamp() ON UPDATE current_timestamp(),
  PRIMARY KEY (`id`),
  UNIQUE KEY `employee_code` (`employee_code`),
  UNIQUE KEY `company_email` (`company_email`),
  UNIQUE KEY `fingerprint_id` (`fingerprint_id`),
  KEY `fk_employees_branch` (`branch_id`),
  CONSTRAINT `fk_employees_branch` FOREIGN KEY (`branch_id`) REFERENCES `branches` (`id`) ON DELETE SET NULL
) ENGINE=InnoDB AUTO_INCREMENT=49 DEFAULT CHARSET=utf8mb4 COLLATE=utf8mb4_general_ci;
INSERT INTO `employees` (`id`, `name`, `employee_code`, `company_name`, `project_name`, `company_email`, `fingerprint_id`, `department`, `job_title`, `phone`, `branch_id`, `appointment_order_name`, `appointment_order_path`, `status`, `created_at`, `updated_at`) VALUES ('1', 'Mustafa Jamal', '1222', NULL, NULL, NULL, NULL, 'IT', 'Network', '', '1', NULL, NULL, 'inactive', '2026-03-12 02:31:39', '2026-03-12 05:17:46');
INSERT INTO `employees` (`id`, `name`, `employee_code`, `company_name`, `project_name`, `company_email`, `fingerprint_id`, `department`, `job_title`, `phone`, `branch_id`, `appointment_order_name`, `appointment_order_path`, `status`, `created_at`, `updated_at`) VALUES ('2', 'jafar Mahdi', '', NULL, NULL, NULL, NULL, 'HQ-IT', '', '', '1', NULL, NULL, 'active', '2026-03-12 04:03:35', '2026-03-12 04:03:35');
INSERT INTO `employees` (`id`, `name`, `employee_code`, `company_name`, `project_name`, `company_email`, `fingerprint_id`, `department`, `job_title`, `phone`, `branch_id`, `appointment_order_name`, `appointment_order_path`, `status`, `created_at`, `updated_at`) VALUES ('6', 'Mohammed.Hamdi', 'IMP-0005', NULL, NULL, NULL, NULL, 'HQ-Accountants', '', '', '1', NULL, NULL, 'active', '2026-03-12 04:03:50', '2026-03-12 04:03:50');
INSERT INTO `employees` (`id`, `name`, `employee_code`, `company_name`, `project_name`, `company_email`, `fingerprint_id`, `department`, `job_title`, `phone`, `branch_id`, `appointment_order_name`, `appointment_order_path`, `status`, `created_at`, `updated_at`) VALUES ('7', 'Mohammed.janabe', 'IMP-0006', NULL, NULL, NULL, NULL, 'HQ-Accountants', '', '', '1', NULL, NULL, 'active', '2026-03-12 04:03:50', '2026-03-12 04:03:50');
INSERT INTO `employees` (`id`, `name`, `employee_code`, `company_name`, `project_name`, `company_email`, `fingerprint_id`, `department`, `job_title`, `phone`, `branch_id`, `appointment_order_name`, `appointment_order_path`, `status`, `created_at`, `updated_at`) VALUES ('8', 'Hassan Sadiq', 'IMP-0007', NULL, NULL, NULL, NULL, 'HQ-Accountants', '', '', '1', NULL, NULL, 'active', '2026-03-12 04:03:50', '2026-03-12 04:03:50');
INSERT INTO `employees` (`id`, `name`, `employee_code`, `company_name`, `project_name`, `company_email`, `fingerprint_id`, `department`, `job_title`, `phone`, `branch_id`, `appointment_order_name`, `appointment_order_path`, `status`, `created_at`, `updated_at`) VALUES ('9', 'Mohammed Nasser', 'IMP-0008', NULL, NULL, NULL, NULL, 'HQ-Accountants', '', '', '1', NULL, NULL, 'active', '2026-03-12 04:03:50', '2026-03-12 04:03:50');
INSERT INTO `employees` (`id`, `name`, `employee_code`, `company_name`, `project_name`, `company_email`, `fingerprint_id`, `department`, `job_title`, `phone`, `branch_id`, `appointment_order_name`, `appointment_order_path`, `status`, `created_at`, `updated_at`) VALUES ('10', 'Mohanad Mazin', 'IMP-0009', NULL, NULL, NULL, NULL, 'HQ-Accountants', '', '', '1', NULL, NULL, 'active', '2026-03-12 04:03:50', '2026-03-12 04:03:50');
INSERT INTO `employees` (`id`, `name`, `employee_code`, `company_name`, `project_name`, `company_email`, `fingerprint_id`, `department`, `job_title`, `phone`, `branch_id`, `appointment_order_name`, `appointment_order_path`, `status`, `created_at`, `updated_at`) VALUES ('11', 'Haider.aslan', 'IMP-0010', NULL, NULL, NULL, NULL, 'HQ-Luks', '', '', '1', NULL, NULL, 'active', '2026-03-12 04:03:50', '2026-03-12 04:03:50');
INSERT INTO `employees` (`id`, `name`, `employee_code`, `company_name`, `project_name`, `company_email`, `fingerprint_id`, `department`, `job_title`, `phone`, `branch_id`, `appointment_order_name`, `appointment_order_path`, `status`, `created_at`, `updated_at`) VALUES ('12', 'Noor Murad', 'IMP-0011', NULL, NULL, NULL, NULL, 'HQ-Luks', '', '', '1', NULL, NULL, 'active', '2026-03-12 04:03:50', '2026-03-12 04:03:50');
INSERT INTO `employees` (`id`, `name`, `employee_code`, `company_name`, `project_name`, `company_email`, `fingerprint_id`, `department`, `job_title`, `phone`, `branch_id`, `appointment_order_name`, `appointment_order_path`, `status`, `created_at`, `updated_at`) VALUES ('13', 'ammar', 'IMP-0012', NULL, NULL, NULL, NULL, 'HQ-Luks', '', '', '1', NULL, NULL, 'active', '2026-03-12 04:03:50', '2026-03-12 04:03:50');
INSERT INTO `employees` (`id`, `name`, `employee_code`, `company_name`, `project_name`, `company_email`, `fingerprint_id`, `department`, `job_title`, `phone`, `branch_id`, `appointment_order_name`, `appointment_order_path`, `status`, `created_at`, `updated_at`) VALUES ('14', 'Ali Abdulsalam', 'IMP-0013', NULL, NULL, NULL, NULL, 'HQ-Luks', '', '', '1', NULL, NULL, 'active', '2026-03-12 04:03:50', '2026-03-12 04:03:50');
INSERT INTO `employees` (`id`, `name`, `employee_code`, `company_name`, `project_name`, `company_email`, `fingerprint_id`, `department`, `job_title`, `phone`, `branch_id`, `appointment_order_name`, `appointment_order_path`, `status`, `created_at`, `updated_at`) VALUES ('15', 'Rand Hassan', 'IMP-0014', NULL, NULL, NULL, NULL, '', '', '', '6', NULL, NULL, 'active', '2026-03-12 04:03:50', '2026-03-12 04:32:11');
INSERT INTO `employees` (`id`, `name`, `employee_code`, `company_name`, `project_name`, `company_email`, `fingerprint_id`, `department`, `job_title`, `phone`, `branch_id`, `appointment_order_name`, `appointment_order_path`, `status`, `created_at`, `updated_at`) VALUES ('16', 'Ali Badran', 'IMP-0015', NULL, NULL, NULL, NULL, 'HQ-Law', '', '', '1', NULL, NULL, 'active', '2026-03-12 04:03:50', '2026-03-12 04:03:50');
INSERT INTO `employees` (`id`, `name`, `employee_code`, `company_name`, `project_name`, `company_email`, `fingerprint_id`, `department`, `job_title`, `phone`, `branch_id`, `appointment_order_name`, `appointment_order_path`, `status`, `created_at`, `updated_at`) VALUES ('17', 'Abdulqadir Hisham', 'IMP-0016', NULL, NULL, NULL, NULL, 'HQ-Law', '', '', '1', NULL, NULL, 'active', '2026-03-12 04:03:50', '2026-03-12 04:03:50');
INSERT INTO `employees` (`id`, `name`, `employee_code`, `company_name`, `project_name`, `company_email`, `fingerprint_id`, `department`, `job_title`, `phone`, `branch_id`, `appointment_order_name`, `appointment_order_path`, `status`, `created_at`, `updated_at`) VALUES ('18', 'Yahya Hussin', 'IMP-0017', NULL, NULL, NULL, NULL, 'HQ-Law', '', '', '1', NULL, NULL, 'active', '2026-03-12 04:03:50', '2026-03-12 04:03:50');
INSERT INTO `employees` (`id`, `name`, `employee_code`, `company_name`, `project_name`, `company_email`, `fingerprint_id`, `department`, `job_title`, `phone`, `branch_id`, `appointment_order_name`, `appointment_order_path`, `status`, `created_at`, `updated_at`) VALUES ('19', 'Ahmed Shehab', 'IMP-0018', NULL, NULL, NULL, NULL, 'HQ-Project', '', '', '1', NULL, NULL, 'active', '2026-03-12 04:03:50', '2026-03-12 04:03:50');
INSERT INTO `employees` (`id`, `name`, `employee_code`, `company_name`, `project_name`, `company_email`, `fingerprint_id`, `department`, `job_title`, `phone`, `branch_id`, `appointment_order_name`, `appointment_order_path`, `status`, `created_at`, `updated_at`) VALUES ('20', 'Sulyman', 'IMP-0019', NULL, NULL, NULL, NULL, 'HQ-Project', '', '', '1', NULL, NULL, 'active', '2026-03-12 04:03:50', '2026-03-12 04:03:50');
INSERT INTO `employees` (`id`, `name`, `employee_code`, `company_name`, `project_name`, `company_email`, `fingerprint_id`, `department`, `job_title`, `phone`, `branch_id`, `appointment_order_name`, `appointment_order_path`, `status`, `created_at`, `updated_at`) VALUES ('21', 'Waleed Awad', 'IMP-0020', NULL, NULL, NULL, NULL, 'HQ', '', '', '1', NULL, NULL, 'active', '2026-03-12 04:03:50', '2026-03-12 04:03:50');
INSERT INTO `employees` (`id`, `name`, `employee_code`, `company_name`, `project_name`, `company_email`, `fingerprint_id`, `department`, `job_title`, `phone`, `branch_id`, `appointment_order_name`, `appointment_order_path`, `status`, `created_at`, `updated_at`) VALUES ('22', 'Yousif atheer', 'IMP-0021', NULL, NULL, NULL, NULL, 'Printer', '', '', '1', NULL, NULL, 'active', '2026-03-12 04:03:50', '2026-03-12 04:03:50');
INSERT INTO `employees` (`id`, `name`, `employee_code`, `company_name`, `project_name`, `company_email`, `fingerprint_id`, `department`, `job_title`, `phone`, `branch_id`, `appointment_order_name`, `appointment_order_path`, `status`, `created_at`, `updated_at`) VALUES ('23', 'Mustafa Abbas', 'IMP-0022', NULL, NULL, NULL, NULL, 'Printer', '', '', '1', NULL, NULL, 'active', '2026-03-12 04:03:50', '2026-03-12 04:03:50');
INSERT INTO `employees` (`id`, `name`, `employee_code`, `company_name`, `project_name`, `company_email`, `fingerprint_id`, `department`, `job_title`, `phone`, `branch_id`, `appointment_order_name`, `appointment_order_path`, `status`, `created_at`, `updated_at`) VALUES ('24', 'Jamal', 'IMP-0023', NULL, NULL, NULL, NULL, 'Printer', '', '', '1', NULL, NULL, 'active', '2026-03-12 04:03:50', '2026-03-12 04:03:50');
INSERT INTO `employees` (`id`, `name`, `employee_code`, `company_name`, `project_name`, `company_email`, `fingerprint_id`, `department`, `job_title`, `phone`, `branch_id`, `appointment_order_name`, `appointment_order_path`, `status`, `created_at`, `updated_at`) VALUES ('25', 'Hussein Abbas Hassan', 'IMP-0024', NULL, NULL, NULL, NULL, 'Um Qasser', '', '', '1', NULL, NULL, 'active', '2026-03-12 04:03:50', '2026-03-12 04:03:50');
INSERT INTO `employees` (`id`, `name`, `employee_code`, `company_name`, `project_name`, `company_email`, `fingerprint_id`, `department`, `job_title`, `phone`, `branch_id`, `appointment_order_name`, `appointment_order_path`, `status`, `created_at`, `updated_at`) VALUES ('26', 'Zain Al-Abidin Mustafa Safi', 'IMP-0025', NULL, NULL, NULL, NULL, 'Um Qasser', '', '', '1', NULL, NULL, 'active', '2026-03-12 04:03:50', '2026-03-12 04:03:50');
INSERT INTO `employees` (`id`, `name`, `employee_code`, `company_name`, `project_name`, `company_email`, `fingerprint_id`, `department`, `job_title`, `phone`, `branch_id`, `appointment_order_name`, `appointment_order_path`, `status`, `created_at`, `updated_at`) VALUES ('27', 'Ahmed Falah Abdullah', 'IMP-0026', NULL, NULL, NULL, NULL, 'Um Qasser', '', '', '1', NULL, NULL, 'active', '2026-03-12 04:03:50', '2026-03-12 04:03:50');
INSERT INTO `employees` (`id`, `name`, `employee_code`, `company_name`, `project_name`, `company_email`, `fingerprint_id`, `department`, `job_title`, `phone`, `branch_id`, `appointment_order_name`, `appointment_order_path`, `status`, `created_at`, `updated_at`) VALUES ('28', 'Jaber Ibrahim Jaber', 'IMP-0027', NULL, NULL, NULL, NULL, 'Um Qasser', '', '', '1', NULL, NULL, 'active', '2026-03-12 04:03:50', '2026-03-12 04:03:50');
INSERT INTO `employees` (`id`, `name`, `employee_code`, `company_name`, `project_name`, `company_email`, `fingerprint_id`, `department`, `job_title`, `phone`, `branch_id`, `appointment_order_name`, `appointment_order_path`, `status`, `created_at`, `updated_at`) VALUES ('29', 'Sajad Yusuf Yaqub', 'IMP-0028', NULL, NULL, NULL, NULL, 'Um Qasser', '', '', '1', NULL, NULL, 'active', '2026-03-12 04:03:50', '2026-03-12 04:03:50');
INSERT INTO `employees` (`id`, `name`, `employee_code`, `company_name`, `project_name`, `company_email`, `fingerprint_id`, `department`, `job_title`, `phone`, `branch_id`, `appointment_order_name`, `appointment_order_path`, `status`, `created_at`, `updated_at`) VALUES ('30', 'Ali Nasir Abdu-Alaa', 'IMP-0029', NULL, NULL, NULL, NULL, 'Safwan', '', '', '1', NULL, NULL, 'active', '2026-03-12 04:03:50', '2026-03-12 04:03:50');
INSERT INTO `employees` (`id`, `name`, `employee_code`, `company_name`, `project_name`, `company_email`, `fingerprint_id`, `department`, `job_title`, `phone`, `branch_id`, `appointment_order_name`, `appointment_order_path`, `status`, `created_at`, `updated_at`) VALUES ('31', 'Hisham Ayad Rashed', 'IMP-0030', NULL, NULL, NULL, NULL, 'Safwan', '', '', '1', NULL, NULL, 'active', '2026-03-12 04:03:50', '2026-03-12 04:03:50');
INSERT INTO `employees` (`id`, `name`, `employee_code`, `company_name`, `project_name`, `company_email`, `fingerprint_id`, `department`, `job_title`, `phone`, `branch_id`, `appointment_order_name`, `appointment_order_path`, `status`, `created_at`, `updated_at`) VALUES ('32', 'Yusuf Fahd Jabbar', 'IMP-0031', NULL, NULL, NULL, NULL, 'Safwan', '', '', '1', NULL, NULL, 'active', '2026-03-12 04:03:50', '2026-03-12 04:03:50');
INSERT INTO `employees` (`id`, `name`, `employee_code`, `company_name`, `project_name`, `company_email`, `fingerprint_id`, `department`, `job_title`, `phone`, `branch_id`, `appointment_order_name`, `appointment_order_path`, `status`, `created_at`, `updated_at`) VALUES ('33', 'Hussein Tulab Hammed', 'IMP-0032', NULL, NULL, NULL, NULL, 'Safwan', '', '', '1', NULL, NULL, 'active', '2026-03-12 04:03:50', '2026-03-12 04:03:50');
INSERT INTO `employees` (`id`, `name`, `employee_code`, `company_name`, `project_name`, `company_email`, `fingerprint_id`, `department`, `job_title`, `phone`, `branch_id`, `appointment_order_name`, `appointment_order_path`, `status`, `created_at`, `updated_at`) VALUES ('34', 'Mustafa Abdul-Saeed', 'IMP-0033', NULL, NULL, NULL, NULL, 'Safwan', '', '', '1', NULL, NULL, 'active', '2026-03-12 04:03:50', '2026-03-12 04:03:50');
INSERT INTO `employees` (`id`, `name`, `employee_code`, `company_name`, `project_name`, `company_email`, `fingerprint_id`, `department`, `job_title`, `phone`, `branch_id`, `appointment_order_name`, `appointment_order_path`, `status`, `created_at`, `updated_at`) VALUES ('35', 'Mustafa Kameel Mouter', 'IMP-0034', NULL, NULL, NULL, NULL, 'Trebeel', '', '', '1', NULL, NULL, 'active', '2026-03-12 04:03:50', '2026-03-12 04:03:50');
INSERT INTO `employees` (`id`, `name`, `employee_code`, `company_name`, `project_name`, `company_email`, `fingerprint_id`, `department`, `job_title`, `phone`, `branch_id`, `appointment_order_name`, `appointment_order_path`, `status`, `created_at`, `updated_at`) VALUES ('36', 'Buzz Ameer', 'IMP-0035', NULL, NULL, NULL, NULL, 'Trebeel', '', '', '4', NULL, NULL, 'active', '2026-03-12 04:03:50', '2026-03-12 04:39:34');
INSERT INTO `employees` (`id`, `name`, `employee_code`, `company_name`, `project_name`, `company_email`, `fingerprint_id`, `department`, `job_title`, `phone`, `branch_id`, `appointment_order_name`, `appointment_order_path`, `status`, `created_at`, `updated_at`) VALUES ('37', 'Roukan Satar Saleh', 'IMP-0036', NULL, NULL, NULL, NULL, 'Trebeel', '', '', '4', NULL, NULL, 'active', '2026-03-12 04:03:50', '2026-03-12 04:36:43');
INSERT INTO `employees` (`id`, `name`, `employee_code`, `company_name`, `project_name`, `company_email`, `fingerprint_id`, `department`, `job_title`, `phone`, `branch_id`, `appointment_order_name`, `appointment_order_path`, `status`, `created_at`, `updated_at`) VALUES ('38', 'Amer Mahmoud Shaker', 'IMP-0037', NULL, NULL, NULL, NULL, 'Trebeel', '', '', '1', NULL, NULL, 'active', '2026-03-12 04:03:50', '2026-03-12 04:03:50');
INSERT INTO `employees` (`id`, `name`, `employee_code`, `company_name`, `project_name`, `company_email`, `fingerprint_id`, `department`, `job_title`, `phone`, `branch_id`, `appointment_order_name`, `appointment_order_path`, `status`, `created_at`, `updated_at`) VALUES ('39', 'Yasser Amer Khaled', 'IMP-0038', NULL, NULL, NULL, NULL, 'Trebeel', '', '', '4', NULL, NULL, 'active', '2026-03-12 04:03:50', '2026-03-12 04:36:34');
INSERT INTO `employees` (`id`, `name`, `employee_code`, `company_name`, `project_name`, `company_email`, `fingerprint_id`, `department`, `job_title`, `phone`, `branch_id`, `appointment_order_name`, `appointment_order_path`, `status`, `created_at`, `updated_at`) VALUES ('40', 'Talha Ziad Tariq', 'IMP-0039', NULL, NULL, NULL, NULL, '', '', '', '4', NULL, NULL, 'active', '2026-03-12 04:03:50', '2026-03-12 04:33:12');
INSERT INTO `employees` (`id`, `name`, `employee_code`, `company_name`, `project_name`, `company_email`, `fingerprint_id`, `department`, `job_title`, `phone`, `branch_id`, `appointment_order_name`, `appointment_order_path`, `status`, `created_at`, `updated_at`) VALUES ('41', 'Ahmed Khaled Abdurahman', 'IMP-0040', NULL, NULL, NULL, NULL, 'Trebeel', '', '', '1', NULL, NULL, 'active', '2026-03-12 04:03:50', '2026-03-12 04:03:50');
INSERT INTO `employees` (`id`, `name`, `employee_code`, `company_name`, `project_name`, `company_email`, `fingerprint_id`, `department`, `job_title`, `phone`, `branch_id`, `appointment_order_name`, `appointment_order_path`, `status`, `created_at`, `updated_at`) VALUES ('42', 'Tariq Ziad', 'IMP-0041', NULL, NULL, NULL, NULL, 'Trebeel', '', '', '4', NULL, NULL, 'active', '2026-03-12 04:03:50', '2026-03-12 04:36:22');
INSERT INTO `employees` (`id`, `name`, `employee_code`, `company_name`, `project_name`, `company_email`, `fingerprint_id`, `department`, `job_title`, `phone`, `branch_id`, `appointment_order_name`, `appointment_order_path`, `status`, `created_at`, `updated_at`) VALUES ('43', 'Omar Muhammad Khalil', 'IMP-0042', NULL, NULL, NULL, NULL, 'Arar', '', '', '1', NULL, NULL, 'active', '2026-03-12 04:03:50', '2026-03-12 04:03:50');
INSERT INTO `employees` (`id`, `name`, `employee_code`, `company_name`, `project_name`, `company_email`, `fingerprint_id`, `department`, `job_title`, `phone`, `branch_id`, `appointment_order_name`, `appointment_order_path`, `status`, `created_at`, `updated_at`) VALUES ('44', 'Muhammad Raed Muhammad', 'IMP-0043', NULL, NULL, NULL, NULL, 'Arar', '', '', '1', NULL, NULL, 'active', '2026-03-12 04:03:50', '2026-03-12 04:03:50');
INSERT INTO `employees` (`id`, `name`, `employee_code`, `company_name`, `project_name`, `company_email`, `fingerprint_id`, `department`, `job_title`, `phone`, `branch_id`, `appointment_order_name`, `appointment_order_path`, `status`, `created_at`, `updated_at`) VALUES ('45', 'yousif Hatem', 'IMP-0044', NULL, NULL, NULL, NULL, 'kirkuk', '', '', '1', NULL, NULL, 'active', '2026-03-12 04:03:50', '2026-03-12 04:03:50');
INSERT INTO `employees` (`id`, `name`, `employee_code`, `company_name`, `project_name`, `company_email`, `fingerprint_id`, `department`, `job_title`, `phone`, `branch_id`, `appointment_order_name`, `appointment_order_path`, `status`, `created_at`, `updated_at`) VALUES ('46', 'Ahmed read', 'IMP-0045', NULL, NULL, NULL, NULL, 'kirkuk', '', '', '1', NULL, NULL, 'active', '2026-03-12 04:03:50', '2026-03-12 04:03:50');
INSERT INTO `employees` (`id`, `name`, `employee_code`, `company_name`, `project_name`, `company_email`, `fingerprint_id`, `department`, `job_title`, `phone`, `branch_id`, `appointment_order_name`, `appointment_order_path`, `status`, `created_at`, `updated_at`) VALUES ('47', 'Nabeel Maron', 'IMP-0046', NULL, NULL, NULL, NULL, 'LUKS', '', '', '7', NULL, NULL, 'active', '2026-03-12 04:03:50', '2026-03-12 04:37:44');
INSERT INTO `employees` (`id`, `name`, `employee_code`, `company_name`, `project_name`, `company_email`, `fingerprint_id`, `department`, `job_title`, `phone`, `branch_id`, `appointment_order_name`, `appointment_order_path`, `status`, `created_at`, `updated_at`) VALUES ('48', 'Moustafu', 'IMP-0047', NULL, NULL, NULL, NULL, 'Turkiye', '', '', '1', NULL, NULL, 'active', '2026-03-12 04:03:50', '2026-03-12 04:03:50');

-- Table: license_renewals
DROP TABLE IF EXISTS `license_renewals`;
CREATE TABLE `license_renewals` (
  `id` bigint(20) NOT NULL AUTO_INCREMENT,
  `license_id` bigint(20) NOT NULL,
  `previous_expiry_date` date DEFAULT NULL,
  `new_expiry_date` date DEFAULT NULL,
  `previous_license_key` varchar(255) DEFAULT NULL,
  `new_license_key` varchar(255) DEFAULT NULL,
  `previous_seats_total` int(11) NOT NULL DEFAULT 1,
  `new_seats_total` int(11) NOT NULL DEFAULT 1,
  `renewal_cost` decimal(12,2) DEFAULT NULL,
  `notes` text DEFAULT NULL,
  `renewed_at` date NOT NULL,
  `renewed_by` bigint(20) DEFAULT NULL,
  `created_at` timestamp NULL DEFAULT NULL,
  `updated_at` timestamp NULL DEFAULT NULL,
  PRIMARY KEY (`id`),
  KEY `license_id` (`license_id`),
  KEY `renewed_by` (`renewed_by`),
  CONSTRAINT `license_renewals_ibfk_1` FOREIGN KEY (`license_id`) REFERENCES `licenses` (`id`),
  CONSTRAINT `license_renewals_ibfk_2` FOREIGN KEY (`renewed_by`) REFERENCES `users` (`id`)
) ENGINE=InnoDB DEFAULT CHARSET=utf8mb4 COLLATE=utf8mb4_general_ci;

-- Table: licenses
DROP TABLE IF EXISTS `licenses`;
CREATE TABLE `licenses` (
  `id` bigint(20) NOT NULL AUTO_INCREMENT,
  `product_name` varchar(150) NOT NULL,
  `vendor_name` varchar(150) DEFAULT NULL,
  `license_type` enum('subscription','perpetual','trial','oem') NOT NULL DEFAULT 'subscription',
  `license_key` varchar(255) DEFAULT NULL,
  `seats_total` int(11) NOT NULL DEFAULT 1,
  `seats_used` int(11) NOT NULL DEFAULT 0,
  `purchase_date` date DEFAULT NULL,
  `expiry_date` date DEFAULT NULL,
  `status` enum('active','renewal_due','expired','inactive') NOT NULL DEFAULT 'active',
  `assigned_asset_id` bigint(20) DEFAULT NULL,
  `assigned_employee_id` bigint(20) DEFAULT NULL,
  `notes` text DEFAULT NULL,
  `created_at` timestamp NULL DEFAULT NULL,
  `updated_at` timestamp NULL DEFAULT NULL,
  PRIMARY KEY (`id`),
  KEY `fk_licenses_asset` (`assigned_asset_id`),
  KEY `fk_licenses_employee` (`assigned_employee_id`),
  CONSTRAINT `fk_licenses_asset` FOREIGN KEY (`assigned_asset_id`) REFERENCES `assets` (`id`) ON DELETE SET NULL,
  CONSTRAINT `fk_licenses_employee` FOREIGN KEY (`assigned_employee_id`) REFERENCES `employees` (`id`) ON DELETE SET NULL
) ENGINE=InnoDB AUTO_INCREMENT=4 DEFAULT CHARSET=utf8mb4 COLLATE=utf8mb4_general_ci;
INSERT INTO `licenses` (`id`, `product_name`, `vendor_name`, `license_type`, `license_key`, `seats_total`, `seats_used`, `purchase_date`, `expiry_date`, `status`, `assigned_asset_id`, `assigned_employee_id`, `notes`, `created_at`, `updated_at`) VALUES ('1', 'Microsoft 365 Business Standard', 'Microsoft', 'subscription', 'M365-ALN-001', '120', '87', '2026-01-01', '2027-01-01', 'active', NULL, NULL, 'Starter seeded license record for tracking renewals and seat usage.', '2026-03-12 04:12:18', '2026-03-12 04:12:18');
INSERT INTO `licenses` (`id`, `product_name`, `vendor_name`, `license_type`, `license_key`, `seats_total`, `seats_used`, `purchase_date`, `expiry_date`, `status`, `assigned_asset_id`, `assigned_employee_id`, `notes`, `created_at`, `updated_at`) VALUES ('2', 'Kaspersky Endpoint Security', 'Kaspersky', 'subscription', 'KSP-ALN-002', '150', '98', '2025-11-15', '2026-11-15', 'active', NULL, NULL, 'Imported starter license for endpoint protection monitoring.', '2026-03-12 04:12:18', '2026-03-12 04:12:18');

-- Table: notifications
DROP TABLE IF EXISTS `notifications`;
CREATE TABLE `notifications` (
  `id` bigint(20) NOT NULL AUTO_INCREMENT,
  `user_id` bigint(20) NOT NULL,
  `type` varchar(50) DEFAULT NULL,
  `data` longtext CHARACTER SET utf8mb4 COLLATE utf8mb4_bin DEFAULT NULL CHECK (json_valid(`data`)),
  `read_at` timestamp NULL DEFAULT NULL,
  `created_at` timestamp NOT NULL DEFAULT '0000-00-00 00:00:00',
  PRIMARY KEY (`id`),
  KEY `user_id` (`user_id`),
  CONSTRAINT `notifications_ibfk_1` FOREIGN KEY (`user_id`) REFERENCES `users` (`id`)
) ENGINE=InnoDB AUTO_INCREMENT=9 DEFAULT CHARSET=utf8mb4 COLLATE=utf8mb4_general_ci;
INSERT INTO `notifications` (`id`, `user_id`, `type`, `data`, `read_at`, `created_at`) VALUES ('1', '1', 'asset_broken', '{\"unique_key\":\"broken:188\",\"title\":\"أصل معطل يحتاج إجراء\",\"message\":\"LG Laptop LGR53 (AST-000188)\",\"route\":\"\\/asset\\/index.php?route=%2Fassets%2F188\",\"asset_id\":188}', '2026-03-12 04:26:19', '2026-03-12 04:03:58');
INSERT INTO `notifications` (`id`, `user_id`, `type`, `data`, `read_at`, `created_at`) VALUES ('2', '6', 'asset_broken', '{\"unique_key\":\"broken:188\",\"title\":\"أصل معطل يحتاج إجراء\",\"message\":\"LG Laptop LGR53 (AST-000188)\",\"route\":\"\\/asset\\/index.php?route=%2Fassets%2F188\",\"asset_id\":188}', '2026-03-12 04:48:29', '2026-03-12 04:03:58');
INSERT INTO `notifications` (`id`, `user_id`, `type`, `data`, `read_at`, `created_at`) VALUES ('3', '1', 'license_overused', '{\"unique_key\":\"license-overused:3:22\",\"title\":\"License seats exceeded\",\"message\":\"Adobe Acrobat Pro - 22\\/20\",\"route\":\"\\/asset\\/index.php?route=%2Flicenses\"}', '2026-03-12 04:26:19', '2026-03-12 04:15:00');
INSERT INTO `notifications` (`id`, `user_id`, `type`, `data`, `read_at`, `created_at`) VALUES ('4', '6', 'license_overused', '{\"unique_key\":\"license-overused:3:22\",\"title\":\"License seats exceeded\",\"message\":\"Adobe Acrobat Pro - 22\\/20\",\"route\":\"\\/asset\\/index.php?route=%2Flicenses\"}', '2026-03-12 04:48:29', '2026-03-12 04:15:00');
INSERT INTO `notifications` (`id`, `user_id`, `type`, `data`, `read_at`, `created_at`) VALUES ('5', '1', 'asset_archived', '{\"unique_key\":\"asset_archived:84:20260312021628\",\"title\":\"تمت أرشفة أصل\",\"message\":\"Cannon LB 6030 (AST-000084)\",\"route\":\"\\/asset\\/index.php?route=%2Fassets%2F84\",\"asset_id\":84}', '2026-03-12 04:26:19', '2026-03-12 04:16:28');
INSERT INTO `notifications` (`id`, `user_id`, `type`, `data`, `read_at`, `created_at`) VALUES ('6', '6', 'asset_archived', '{\"unique_key\":\"asset_archived:84:20260312021628\",\"title\":\"تمت أرشفة أصل\",\"message\":\"Cannon LB 6030 (AST-000084)\",\"route\":\"\\/asset\\/index.php?route=%2Fassets%2F84\",\"asset_id\":84}', '2026-03-12 04:48:29', '2026-03-12 04:16:28');
INSERT INTO `notifications` (`id`, `user_id`, `type`, `data`, `read_at`, `created_at`) VALUES ('7', '1', 'asset_returned', '{\"unique_key\":\"asset_returned:1:20260312031652\",\"title\":\"تم إرجاع أصل\",\"message\":\"HQ-IT-MJ (212)\",\"route\":\"\\/asset\\/index.php?route=%2Fassets%2F1\",\"asset_id\":1}', '2026-03-12 05:19:01', '2026-03-12 05:16:52');
INSERT INTO `notifications` (`id`, `user_id`, `type`, `data`, `read_at`, `created_at`) VALUES ('8', '6', 'asset_returned', '{\"unique_key\":\"asset_returned:1:20260312031652\",\"title\":\"تم إرجاع أصل\",\"message\":\"HQ-IT-MJ (212)\",\"route\":\"\\/asset\\/index.php?route=%2Fassets%2F1\",\"asset_id\":1}', NULL, '2026-03-12 05:16:52');

-- Table: reports
DROP TABLE IF EXISTS `reports`;
CREATE TABLE `reports` (
  `id` bigint(20) NOT NULL AUTO_INCREMENT,
  `type` varchar(50) DEFAULT NULL,
  `filters` longtext CHARACTER SET utf8mb4 COLLATE utf8mb4_bin DEFAULT NULL CHECK (json_valid(`filters`)),
  `generated_by` bigint(20) DEFAULT NULL,
  `file_path` varchar(255) DEFAULT NULL,
  `created_at` timestamp NOT NULL DEFAULT current_timestamp() ON UPDATE current_timestamp(),
  PRIMARY KEY (`id`),
  KEY `generated_by` (`generated_by`),
  CONSTRAINT `reports_ibfk_1` FOREIGN KEY (`generated_by`) REFERENCES `users` (`id`)
) ENGINE=InnoDB AUTO_INCREMENT=9 DEFAULT CHARSET=utf8mb4 COLLATE=utf8mb4_general_ci;
INSERT INTO `reports` (`id`, `type`, `filters`, `generated_by`, `file_path`, `created_at`) VALUES ('1', 'system_report_xls', '{\"q\":\"hq\"}', '1', '', '2026-03-12 02:49:12');
INSERT INTO `reports` (`id`, `type`, `filters`, `generated_by`, `file_path`, `created_at`) VALUES ('2', 'system_report_pdf', '{\"q\":\"hq\"}', '1', '', '2026-03-12 02:49:40');
INSERT INTO `reports` (`id`, `type`, `filters`, `generated_by`, `file_path`, `created_at`) VALUES ('3', 'system_report_pdf', '{\"q\":\"\",\"section\":\"assets\",\"status\":\"active\",\"branch_id\":\"1\",\"category_id\":\"1\",\"role\":\"\",\"from_date\":\"\",\"to_date\":\"\"}', '1', '', '2026-03-12 02:56:35');
INSERT INTO `reports` (`id`, `type`, `filters`, `generated_by`, `file_path`, `created_at`) VALUES ('4', 'system_report_pdf', '{\"q\":\"\",\"columns\":[\"name\",\"tag\",\"status\",\"branch\",\"category\"],\"section\":\"assets\",\"status\":\"\",\"branch_id\":\"\",\"category_id\":\"\",\"role\":\"\",\"from_date\":\"\",\"to_date\":\"\"}', '1', '', '2026-03-12 03:01:23');
INSERT INTO `reports` (`id`, `type`, `filters`, `generated_by`, `file_path`, `created_at`) VALUES ('5', 'system_report_xls', '{\"q\":\"\",\"columns\":[\"name\",\"tag\",\"status\",\"branch\",\"category\"],\"section\":\"assets\",\"status\":\"\",\"branch_id\":\"\",\"category_id\":\"\",\"role\":\"\",\"from_date\":\"\",\"to_date\":\"\"}', '1', '', '2026-03-12 03:01:47');
INSERT INTO `reports` (`id`, `type`, `filters`, `generated_by`, `file_path`, `created_at`) VALUES ('6', 'system_report_pdf', '{\"q\":\"it\",\"columns\":[\"name\",\"tag\",\"status\",\"branch\",\"category\"],\"section\":\"assets\",\"status\":\"\",\"branch_id\":\"1\",\"category_id\":\"\",\"role\":\"\",\"from_date\":\"\",\"to_date\":\"\"}', '1', '', '2026-03-12 03:05:09');
INSERT INTO `reports` (`id`, `type`, `filters`, `generated_by`, `file_path`, `created_at`) VALUES ('7', 'system_report_xls', '{\"q\":\"it\",\"columns\":[\"name\",\"tag\",\"status\",\"branch\",\"category\"],\"section\":\"assets\",\"status\":\"\",\"branch_id\":\"1\",\"category_id\":\"\",\"role\":\"\",\"from_date\":\"\",\"to_date\":\"\"}', '1', '', '2026-03-12 03:05:30');
INSERT INTO `reports` (`id`, `type`, `filters`, `generated_by`, `file_path`, `created_at`) VALUES ('8', 'system_report_xls', '{\"q\":\"it\",\"columns\":[\"name\",\"tag\",\"status\",\"branch\",\"category\"],\"section\":\"assets\",\"status\":\"\",\"branch_id\":\"1\",\"category_id\":\"\",\"role\":\"\",\"from_date\":\"\",\"to_date\":\"\"}', '1', '', '2026-03-12 03:05:31');

-- Table: role_permissions
DROP TABLE IF EXISTS `role_permissions`;
CREATE TABLE `role_permissions` (
  `id` bigint(20) NOT NULL AUTO_INCREMENT,
  `role_name` varchar(50) NOT NULL,
  `permission_key` varchar(100) NOT NULL,
  `allowed` tinyint(1) NOT NULL DEFAULT 0,
  `created_at` timestamp NULL DEFAULT NULL,
  `updated_at` timestamp NULL DEFAULT NULL,
  PRIMARY KEY (`id`),
  UNIQUE KEY `uniq_role_permission` (`role_name`,`permission_key`)
) ENGINE=InnoDB AUTO_INCREMENT=205 DEFAULT CHARSET=utf8mb4 COLLATE=utf8mb4_general_ci;
INSERT INTO `role_permissions` (`id`, `role_name`, `permission_key`, `allowed`, `created_at`, `updated_at`) VALUES ('121', 'admin', 'dashboard.view', '1', '2026-03-12 04:50:07', '2026-03-12 04:50:07');
INSERT INTO `role_permissions` (`id`, `role_name`, `permission_key`, `allowed`, `created_at`, `updated_at`) VALUES ('122', 'admin', 'assets.view', '1', '2026-03-12 04:50:07', '2026-03-12 04:50:07');
INSERT INTO `role_permissions` (`id`, `role_name`, `permission_key`, `allowed`, `created_at`, `updated_at`) VALUES ('123', 'admin', 'assets.manage', '1', '2026-03-12 04:50:07', '2026-03-12 04:50:07');
INSERT INTO `role_permissions` (`id`, `role_name`, `permission_key`, `allowed`, `created_at`, `updated_at`) VALUES ('124', 'admin', 'assets.move', '1', '2026-03-12 04:50:07', '2026-03-12 04:50:07');
INSERT INTO `role_permissions` (`id`, `role_name`, `permission_key`, `allowed`, `created_at`, `updated_at`) VALUES ('125', 'admin', 'branches.view', '1', '2026-03-12 04:50:07', '2026-03-12 04:50:07');
INSERT INTO `role_permissions` (`id`, `role_name`, `permission_key`, `allowed`, `created_at`, `updated_at`) VALUES ('126', 'admin', 'branches.manage', '1', '2026-03-12 04:50:07', '2026-03-12 04:50:07');
INSERT INTO `role_permissions` (`id`, `role_name`, `permission_key`, `allowed`, `created_at`, `updated_at`) VALUES ('127', 'admin', 'categories.view', '1', '2026-03-12 04:50:07', '2026-03-12 04:50:07');
INSERT INTO `role_permissions` (`id`, `role_name`, `permission_key`, `allowed`, `created_at`, `updated_at`) VALUES ('128', 'admin', 'categories.manage', '1', '2026-03-12 04:50:07', '2026-03-12 04:50:07');
INSERT INTO `role_permissions` (`id`, `role_name`, `permission_key`, `allowed`, `created_at`, `updated_at`) VALUES ('129', 'admin', 'employees.view', '1', '2026-03-12 04:50:07', '2026-03-12 04:50:07');
INSERT INTO `role_permissions` (`id`, `role_name`, `permission_key`, `allowed`, `created_at`, `updated_at`) VALUES ('130', 'admin', 'employees.manage', '1', '2026-03-12 04:50:07', '2026-03-12 04:50:07');
INSERT INTO `role_permissions` (`id`, `role_name`, `permission_key`, `allowed`, `created_at`, `updated_at`) VALUES ('131', 'admin', 'licenses.view', '1', '2026-03-12 04:50:07', '2026-03-12 04:50:07');
INSERT INTO `role_permissions` (`id`, `role_name`, `permission_key`, `allowed`, `created_at`, `updated_at`) VALUES ('132', 'admin', 'licenses.manage', '1', '2026-03-12 04:50:07', '2026-03-12 04:50:07');
INSERT INTO `role_permissions` (`id`, `role_name`, `permission_key`, `allowed`, `created_at`, `updated_at`) VALUES ('133', 'admin', 'storage.view', '1', '2026-03-12 04:50:07', '2026-03-12 04:50:07');
INSERT INTO `role_permissions` (`id`, `role_name`, `permission_key`, `allowed`, `created_at`, `updated_at`) VALUES ('134', 'admin', 'reports.view', '1', '2026-03-12 04:50:07', '2026-03-12 04:50:07');
INSERT INTO `role_permissions` (`id`, `role_name`, `permission_key`, `allowed`, `created_at`, `updated_at`) VALUES ('135', 'admin', 'reports.export', '1', '2026-03-12 04:50:07', '2026-03-12 04:50:07');
INSERT INTO `role_permissions` (`id`, `role_name`, `permission_key`, `allowed`, `created_at`, `updated_at`) VALUES ('136', 'admin', 'users.view', '1', '2026-03-12 04:50:07', '2026-03-12 04:50:07');
INSERT INTO `role_permissions` (`id`, `role_name`, `permission_key`, `allowed`, `created_at`, `updated_at`) VALUES ('137', 'admin', 'users.manage', '1', '2026-03-12 04:50:07', '2026-03-12 04:50:07');
INSERT INTO `role_permissions` (`id`, `role_name`, `permission_key`, `allowed`, `created_at`, `updated_at`) VALUES ('138', 'admin', 'audit.view', '1', '2026-03-12 04:50:07', '2026-03-12 04:50:07');
INSERT INTO `role_permissions` (`id`, `role_name`, `permission_key`, `allowed`, `created_at`, `updated_at`) VALUES ('139', 'admin', 'settings.manage', '1', '2026-03-12 04:50:07', '2026-03-12 04:50:07');
INSERT INTO `role_permissions` (`id`, `role_name`, `permission_key`, `allowed`, `created_at`, `updated_at`) VALUES ('140', 'admin', 'system.check', '1', '2026-03-12 04:50:07', '2026-03-12 04:50:07');
INSERT INTO `role_permissions` (`id`, `role_name`, `permission_key`, `allowed`, `created_at`, `updated_at`) VALUES ('141', 'admin', 'api.docs', '1', '2026-03-12 04:50:07', '2026-03-12 04:50:07');
INSERT INTO `role_permissions` (`id`, `role_name`, `permission_key`, `allowed`, `created_at`, `updated_at`) VALUES ('142', 'it_manager', 'dashboard.view', '1', '2026-03-12 04:50:07', '2026-03-12 04:50:07');
INSERT INTO `role_permissions` (`id`, `role_name`, `permission_key`, `allowed`, `created_at`, `updated_at`) VALUES ('143', 'it_manager', 'assets.view', '1', '2026-03-12 04:50:07', '2026-03-12 04:50:07');
INSERT INTO `role_permissions` (`id`, `role_name`, `permission_key`, `allowed`, `created_at`, `updated_at`) VALUES ('144', 'it_manager', 'assets.manage', '1', '2026-03-12 04:50:07', '2026-03-12 04:50:07');
INSERT INTO `role_permissions` (`id`, `role_name`, `permission_key`, `allowed`, `created_at`, `updated_at`) VALUES ('145', 'it_manager', 'assets.move', '1', '2026-03-12 04:50:07', '2026-03-12 04:50:07');
INSERT INTO `role_permissions` (`id`, `role_name`, `permission_key`, `allowed`, `created_at`, `updated_at`) VALUES ('146', 'it_manager', 'branches.view', '1', '2026-03-12 04:50:07', '2026-03-12 04:50:07');
INSERT INTO `role_permissions` (`id`, `role_name`, `permission_key`, `allowed`, `created_at`, `updated_at`) VALUES ('147', 'it_manager', 'branches.manage', '1', '2026-03-12 04:50:07', '2026-03-12 04:50:07');
INSERT INTO `role_permissions` (`id`, `role_name`, `permission_key`, `allowed`, `created_at`, `updated_at`) VALUES ('148', 'it_manager', 'categories.view', '1', '2026-03-12 04:50:07', '2026-03-12 04:50:07');
INSERT INTO `role_permissions` (`id`, `role_name`, `permission_key`, `allowed`, `created_at`, `updated_at`) VALUES ('149', 'it_manager', 'categories.manage', '1', '2026-03-12 04:50:07', '2026-03-12 04:50:07');
INSERT INTO `role_permissions` (`id`, `role_name`, `permission_key`, `allowed`, `created_at`, `updated_at`) VALUES ('150', 'it_manager', 'employees.view', '1', '2026-03-12 04:50:07', '2026-03-12 04:50:07');
INSERT INTO `role_permissions` (`id`, `role_name`, `permission_key`, `allowed`, `created_at`, `updated_at`) VALUES ('151', 'it_manager', 'employees.manage', '1', '2026-03-12 04:50:07', '2026-03-12 04:50:07');
INSERT INTO `role_permissions` (`id`, `role_name`, `permission_key`, `allowed`, `created_at`, `updated_at`) VALUES ('152', 'it_manager', 'licenses.view', '1', '2026-03-12 04:50:07', '2026-03-12 04:50:07');
INSERT INTO `role_permissions` (`id`, `role_name`, `permission_key`, `allowed`, `created_at`, `updated_at`) VALUES ('153', 'it_manager', 'licenses.manage', '1', '2026-03-12 04:50:07', '2026-03-12 04:50:07');
INSERT INTO `role_permissions` (`id`, `role_name`, `permission_key`, `allowed`, `created_at`, `updated_at`) VALUES ('154', 'it_manager', 'storage.view', '1', '2026-03-12 04:50:07', '2026-03-12 04:50:07');
INSERT INTO `role_permissions` (`id`, `role_name`, `permission_key`, `allowed`, `created_at`, `updated_at`) VALUES ('155', 'it_manager', 'reports.view', '1', '2026-03-12 04:50:07', '2026-03-12 04:50:07');
INSERT INTO `role_permissions` (`id`, `role_name`, `permission_key`, `allowed`, `created_at`, `updated_at`) VALUES ('156', 'it_manager', 'reports.export', '1', '2026-03-12 04:50:07', '2026-03-12 04:50:07');
INSERT INTO `role_permissions` (`id`, `role_name`, `permission_key`, `allowed`, `created_at`, `updated_at`) VALUES ('157', 'it_manager', 'users.view', '1', '2026-03-12 04:50:07', '2026-03-12 04:50:07');
INSERT INTO `role_permissions` (`id`, `role_name`, `permission_key`, `allowed`, `created_at`, `updated_at`) VALUES ('158', 'it_manager', 'users.manage', '1', '2026-03-12 04:50:07', '2026-03-12 04:50:07');
INSERT INTO `role_permissions` (`id`, `role_name`, `permission_key`, `allowed`, `created_at`, `updated_at`) VALUES ('159', 'it_manager', 'audit.view', '0', '2026-03-12 04:50:07', '2026-03-12 04:50:07');
INSERT INTO `role_permissions` (`id`, `role_name`, `permission_key`, `allowed`, `created_at`, `updated_at`) VALUES ('160', 'it_manager', 'settings.manage', '0', '2026-03-12 04:50:07', '2026-03-12 04:50:07');
INSERT INTO `role_permissions` (`id`, `role_name`, `permission_key`, `allowed`, `created_at`, `updated_at`) VALUES ('161', 'it_manager', 'system.check', '0', '2026-03-12 04:50:07', '2026-03-12 04:50:07');
INSERT INTO `role_permissions` (`id`, `role_name`, `permission_key`, `allowed`, `created_at`, `updated_at`) VALUES ('162', 'it_manager', 'api.docs', '0', '2026-03-12 04:50:07', '2026-03-12 04:50:07');
INSERT INTO `role_permissions` (`id`, `role_name`, `permission_key`, `allowed`, `created_at`, `updated_at`) VALUES ('163', 'technician', 'dashboard.view', '1', '2026-03-12 04:50:07', '2026-03-12 04:50:07');
INSERT INTO `role_permissions` (`id`, `role_name`, `permission_key`, `allowed`, `created_at`, `updated_at`) VALUES ('164', 'technician', 'assets.view', '1', '2026-03-12 04:50:07', '2026-03-12 04:50:07');
INSERT INTO `role_permissions` (`id`, `role_name`, `permission_key`, `allowed`, `created_at`, `updated_at`) VALUES ('165', 'technician', 'assets.manage', '0', '2026-03-12 04:50:07', '2026-03-12 04:50:07');
INSERT INTO `role_permissions` (`id`, `role_name`, `permission_key`, `allowed`, `created_at`, `updated_at`) VALUES ('166', 'technician', 'assets.move', '1', '2026-03-12 04:50:07', '2026-03-12 04:50:07');
INSERT INTO `role_permissions` (`id`, `role_name`, `permission_key`, `allowed`, `created_at`, `updated_at`) VALUES ('167', 'technician', 'branches.view', '1', '2026-03-12 04:50:07', '2026-03-12 04:50:07');
INSERT INTO `role_permissions` (`id`, `role_name`, `permission_key`, `allowed`, `created_at`, `updated_at`) VALUES ('168', 'technician', 'branches.manage', '0', '2026-03-12 04:50:07', '2026-03-12 04:50:07');
INSERT INTO `role_permissions` (`id`, `role_name`, `permission_key`, `allowed`, `created_at`, `updated_at`) VALUES ('169', 'technician', 'categories.view', '1', '2026-03-12 04:50:07', '2026-03-12 04:50:07');
INSERT INTO `role_permissions` (`id`, `role_name`, `permission_key`, `allowed`, `created_at`, `updated_at`) VALUES ('170', 'technician', 'categories.manage', '0', '2026-03-12 04:50:07', '2026-03-12 04:50:07');
INSERT INTO `role_permissions` (`id`, `role_name`, `permission_key`, `allowed`, `created_at`, `updated_at`) VALUES ('171', 'technician', 'employees.view', '1', '2026-03-12 04:50:07', '2026-03-12 04:50:07');
INSERT INTO `role_permissions` (`id`, `role_name`, `permission_key`, `allowed`, `created_at`, `updated_at`) VALUES ('172', 'technician', 'employees.manage', '0', '2026-03-12 04:50:07', '2026-03-12 04:50:07');
INSERT INTO `role_permissions` (`id`, `role_name`, `permission_key`, `allowed`, `created_at`, `updated_at`) VALUES ('173', 'technician', 'licenses.view', '1', '2026-03-12 04:50:07', '2026-03-12 04:50:07');
INSERT INTO `role_permissions` (`id`, `role_name`, `permission_key`, `allowed`, `created_at`, `updated_at`) VALUES ('174', 'technician', 'licenses.manage', '0', '2026-03-12 04:50:07', '2026-03-12 04:50:07');
INSERT INTO `role_permissions` (`id`, `role_name`, `permission_key`, `allowed`, `created_at`, `updated_at`) VALUES ('175', 'technician', 'storage.view', '1', '2026-03-12 04:50:07', '2026-03-12 04:50:07');
INSERT INTO `role_permissions` (`id`, `role_name`, `permission_key`, `allowed`, `created_at`, `updated_at`) VALUES ('176', 'technician', 'reports.view', '1', '2026-03-12 04:50:07', '2026-03-12 04:50:07');
INSERT INTO `role_permissions` (`id`, `role_name`, `permission_key`, `allowed`, `created_at`, `updated_at`) VALUES ('177', 'technician', 'reports.export', '0', '2026-03-12 04:50:07', '2026-03-12 04:50:07');
INSERT INTO `role_permissions` (`id`, `role_name`, `permission_key`, `allowed`, `created_at`, `updated_at`) VALUES ('178', 'technician', 'users.view', '1', '2026-03-12 04:50:07', '2026-03-12 04:50:07');
INSERT INTO `role_permissions` (`id`, `role_name`, `permission_key`, `allowed`, `created_at`, `updated_at`) VALUES ('179', 'technician', 'users.manage', '1', '2026-03-12 04:50:07', '2026-03-12 04:50:07');
INSERT INTO `role_permissions` (`id`, `role_name`, `permission_key`, `allowed`, `created_at`, `updated_at`) VALUES ('180', 'technician', 'audit.view', '0', '2026-03-12 04:50:07', '2026-03-12 04:50:07');
INSERT INTO `role_permissions` (`id`, `role_name`, `permission_key`, `allowed`, `created_at`, `updated_at`) VALUES ('181', 'technician', 'settings.manage', '0', '2026-03-12 04:50:07', '2026-03-12 04:50:07');
INSERT INTO `role_permissions` (`id`, `role_name`, `permission_key`, `allowed`, `created_at`, `updated_at`) VALUES ('182', 'technician', 'system.check', '0', '2026-03-12 04:50:07', '2026-03-12 04:50:07');
INSERT INTO `role_permissions` (`id`, `role_name`, `permission_key`, `allowed`, `created_at`, `updated_at`) VALUES ('183', 'technician', 'api.docs', '0', '2026-03-12 04:50:07', '2026-03-12 04:50:07');
INSERT INTO `role_permissions` (`id`, `role_name`, `permission_key`, `allowed`, `created_at`, `updated_at`) VALUES ('184', 'viewer', 'dashboard.view', '1', '2026-03-12 04:50:07', '2026-03-12 04:50:07');
INSERT INTO `role_permissions` (`id`, `role_name`, `permission_key`, `allowed`, `created_at`, `updated_at`) VALUES ('185', 'viewer', 'assets.view', '1', '2026-03-12 04:50:07', '2026-03-12 04:50:07');
INSERT INTO `role_permissions` (`id`, `role_name`, `permission_key`, `allowed`, `created_at`, `updated_at`) VALUES ('186', 'viewer', 'assets.manage', '0', '2026-03-12 04:50:07', '2026-03-12 04:50:07');
INSERT INTO `role_permissions` (`id`, `role_name`, `permission_key`, `allowed`, `created_at`, `updated_at`) VALUES ('187', 'viewer', 'assets.move', '0', '2026-03-12 04:50:07', '2026-03-12 04:50:07');
INSERT INTO `role_permissions` (`id`, `role_name`, `permission_key`, `allowed`, `created_at`, `updated_at`) VALUES ('188', 'viewer', 'branches.view', '1', '2026-03-12 04:50:07', '2026-03-12 04:50:07');
INSERT INTO `role_permissions` (`id`, `role_name`, `permission_key`, `allowed`, `created_at`, `updated_at`) VALUES ('189', 'viewer', 'branches.manage', '0', '2026-03-12 04:50:07', '2026-03-12 04:50:07');
INSERT INTO `role_permissions` (`id`, `role_name`, `permission_key`, `allowed`, `created_at`, `updated_at`) VALUES ('190', 'viewer', 'categories.view', '1', '2026-03-12 04:50:07', '2026-03-12 04:50:07');
INSERT INTO `role_permissions` (`id`, `role_name`, `permission_key`, `allowed`, `created_at`, `updated_at`) VALUES ('191', 'viewer', 'categories.manage', '0', '2026-03-12 04:50:07', '2026-03-12 04:50:07');
INSERT INTO `role_permissions` (`id`, `role_name`, `permission_key`, `allowed`, `created_at`, `updated_at`) VALUES ('192', 'viewer', 'employees.view', '1', '2026-03-12 04:50:07', '2026-03-12 04:50:07');
INSERT INTO `role_permissions` (`id`, `role_name`, `permission_key`, `allowed`, `created_at`, `updated_at`) VALUES ('193', 'viewer', 'employees.manage', '1', '2026-03-12 04:50:07', '2026-03-12 04:50:07');
INSERT INTO `role_permissions` (`id`, `role_name`, `permission_key`, `allowed`, `created_at`, `updated_at`) VALUES ('194', 'viewer', 'licenses.view', '1', '2026-03-12 04:50:07', '2026-03-12 04:50:07');
INSERT INTO `role_permissions` (`id`, `role_name`, `permission_key`, `allowed`, `created_at`, `updated_at`) VALUES ('195', 'viewer', 'licenses.manage', '0', '2026-03-12 04:50:07', '2026-03-12 04:50:07');
INSERT INTO `role_permissions` (`id`, `role_name`, `permission_key`, `allowed`, `created_at`, `updated_at`) VALUES ('196', 'viewer', 'storage.view', '1', '2026-03-12 04:50:07', '2026-03-12 04:50:07');
INSERT INTO `role_permissions` (`id`, `role_name`, `permission_key`, `allowed`, `created_at`, `updated_at`) VALUES ('197', 'viewer', 'reports.view', '1', '2026-03-12 04:50:07', '2026-03-12 04:50:07');
INSERT INTO `role_permissions` (`id`, `role_name`, `permission_key`, `allowed`, `created_at`, `updated_at`) VALUES ('198', 'viewer', 'reports.export', '1', '2026-03-12 04:50:07', '2026-03-12 04:50:07');
INSERT INTO `role_permissions` (`id`, `role_name`, `permission_key`, `allowed`, `created_at`, `updated_at`) VALUES ('199', 'viewer', 'users.view', '0', '2026-03-12 04:50:07', '2026-03-12 04:50:07');
INSERT INTO `role_permissions` (`id`, `role_name`, `permission_key`, `allowed`, `created_at`, `updated_at`) VALUES ('200', 'viewer', 'users.manage', '0', '2026-03-12 04:50:07', '2026-03-12 04:50:07');
INSERT INTO `role_permissions` (`id`, `role_name`, `permission_key`, `allowed`, `created_at`, `updated_at`) VALUES ('201', 'viewer', 'audit.view', '0', '2026-03-12 04:50:07', '2026-03-12 04:50:07');
INSERT INTO `role_permissions` (`id`, `role_name`, `permission_key`, `allowed`, `created_at`, `updated_at`) VALUES ('202', 'viewer', 'settings.manage', '0', '2026-03-12 04:50:07', '2026-03-12 04:50:07');
INSERT INTO `role_permissions` (`id`, `role_name`, `permission_key`, `allowed`, `created_at`, `updated_at`) VALUES ('203', 'viewer', 'system.check', '0', '2026-03-12 04:50:07', '2026-03-12 04:50:07');
INSERT INTO `role_permissions` (`id`, `role_name`, `permission_key`, `allowed`, `created_at`, `updated_at`) VALUES ('204', 'viewer', 'api.docs', '0', '2026-03-12 04:50:07', '2026-03-12 04:50:07');

-- Table: spare_parts
DROP TABLE IF EXISTS `spare_parts`;
CREATE TABLE `spare_parts` (
  `id` bigint(20) NOT NULL AUTO_INCREMENT,
  `name` varchar(150) NOT NULL,
  `part_number` varchar(100) DEFAULT NULL,
  `category` varchar(100) DEFAULT NULL,
  `vendor_name` varchar(150) DEFAULT NULL,
  `location` varchar(150) DEFAULT NULL,
  `quantity` int(11) NOT NULL DEFAULT 0,
  `min_quantity` int(11) NOT NULL DEFAULT 0,
  `compatible_with` varchar(150) DEFAULT NULL,
  `notes` text DEFAULT NULL,
  `created_at` timestamp NULL DEFAULT NULL,
  `updated_at` timestamp NULL DEFAULT NULL,
  PRIMARY KEY (`id`)
) ENGINE=InnoDB DEFAULT CHARSET=utf8mb4 COLLATE=utf8mb4_general_ci;

-- Table: system_settings
DROP TABLE IF EXISTS `system_settings`;
CREATE TABLE `system_settings` (
  `id` bigint(20) NOT NULL AUTO_INCREMENT,
  `setting_key` varchar(120) NOT NULL,
  `setting_value` text DEFAULT NULL,
  `updated_at` timestamp NULL DEFAULT NULL,
  PRIMARY KEY (`id`),
  UNIQUE KEY `uniq_system_setting` (`setting_key`)
) ENGINE=InnoDB DEFAULT CHARSET=utf8mb4 COLLATE=utf8mb4_general_ci;

-- Table: users
DROP TABLE IF EXISTS `users`;
CREATE TABLE `users` (
  `id` bigint(20) NOT NULL AUTO_INCREMENT,
  `name` varchar(100) DEFAULT NULL,
  `email` varchar(150) DEFAULT NULL,
  `password` varchar(255) DEFAULT NULL,
  `role` enum('admin','it_manager','technician','viewer') DEFAULT 'viewer',
  `status` enum('active','inactive') NOT NULL DEFAULT 'active',
  `locale` enum('en','ar') NOT NULL DEFAULT 'en',
  `theme` enum('light','dark') NOT NULL DEFAULT 'light',
  `remember_token` varchar(100) DEFAULT NULL,
  `created_at` timestamp NOT NULL DEFAULT current_timestamp() ON UPDATE current_timestamp(),
  `updated_at` timestamp NOT NULL DEFAULT '0000-00-00 00:00:00',
  PRIMARY KEY (`id`),
  UNIQUE KEY `email` (`email`)
) ENGINE=InnoDB AUTO_INCREMENT=7 DEFAULT CHARSET=utf8mb4 COLLATE=utf8mb4_general_ci;
INSERT INTO `users` (`id`, `name`, `email`, `password`, `role`, `status`, `locale`, `theme`, `remember_token`, `created_at`, `updated_at`) VALUES ('1', 'Admin User', 'admin@example.com', '$2y$10$wpJvfQJOd/lvK5xkpYSb/ONG/EoWeBU1eovHx70UFIxrSuZesexly', 'admin', 'active', 'en', 'light', NULL, '2026-03-12 02:30:02', '2026-03-12 02:30:02');
INSERT INTO `users` (`id`, `name`, `email`, `password`, `role`, `status`, `locale`, `theme`, `remember_token`, `created_at`, `updated_at`) VALUES ('6', 'jafar', 'jafar.mahdi.97@gmail.com', '$2y$10$gsskCfu3Ze1/CgqALpl05.UsCc1AcLcbkFF09LfoLMasz0KImVfZC', 'viewer', 'active', 'en', 'light', NULL, '2026-03-12 02:52:58', '2026-03-12 02:52:58');

SET FOREIGN_KEY_CHECKS=1;
